publication_number,title,abstract
JP-2004259269-A,"Method and stem for romanizing Chinese ideographic characters, and computer recording medium having software code for romanizing Chinese ideographic characters","PROBLEM TO BE SOLVED: To provide a method and a system for converting a Chinese ideographic character into a Roman character capable of adapting a Chinese sentence input to the user based on a personal style of the user, and a software code for converting a Chinese ideographic character into a Roman character. The present invention provides a computer recording medium having the same.   A method and system for romanizing Chinese ideographic characters and a computer recording medium having software code for romanizing Chinese ideographic characters according to the present invention select a voice combination and select the selected voice combination. Defines the first Roman equivalent.   [Selection] Fig. 2"
US-12598203-B2,Analyzing and recommending rogue classification policies for a communication network,"In certain embodiments, a method performed by a processing device includes obtaining, at multiple times, rogue classification information for electronic devices detected within a communication network. The rogue classification information for each time includes: timestamp information identifying the time; corresponding sets of attribute values for the electronic devices detected within the communication network at the time; and respective rogue classifications, as determined according to active rogue classification policies and the corresponding sets of attribute values, for the electronic devices. The method includes analyzing the rogue classification information for the multiple times to determine whether to modify the active rogue classification policies by analyzing, using a statistical machine learning algorithm, the respective rogue classifications and the corresponding sets of attribute values for the electronic devices for the multiple times. The method includes generating, in "
CN-114651228-A,Training machine learning models on a device using corrections of automated assistant functions,"The processor of the client device may: receiving sensor data capturing environmental attributes of an environment of the client device; processing the sensor data using a machine learning model to generate a prediction output specifying whether one or more currently dormant automated assistant functions are activated; making a determination as to whether to trigger the one or more currently dormant automated assistant functions; after making the decision, determining that the decision is incorrect; and in response to determining that the determination is incorrect, generate a gradient based on comparing the predicted output to a ground truth output. In some implementations, the generated gradients are used by a processor of the client device to update weights of a speech recognition model on the device. In some implementations, the generated gradients are additionally or alternatively transmitted to a remote system for remotely updating global weights of a global speech recognition mo"
CN-111445926-A,A sound-based identification method for rural road traffic accidents,"The present invention proposes a sound-based identification method for rural road traffic accident alarm situation, including the following steps: collecting sound signals on the road with a microphone, manually listening to and classifying the obtained sound clips, and randomly dividing positive and negative sample data sets respectively Build a one-dimensional CNN network classification model for training data sets and test data sets; train the constructed CNN network classification model; deploy the trained CNN network classification model to embedded devices, and the deployment framework adopts Tencent&#39;s open source ncnn neural network inference. framework; the detection device is installed in the actual road environment to run, analyze the real-time audio stream, and detect whether there is a suspected traffic accident alarm situation; and in the present invention, the microphone is used to automatically identify the traffic accident alarm situation, which can greatly reduce c"
CN-102073503-B,Context Awareness-Based Network Architecture Software Evolution Method,"The invention provides a context aware-based intemetware evolution method, belonging to the technical field of software maintenance. The method comprises the steps of: building the context when services run under an internet environment, and confirming a producer and a consumer of the context change according to the paradigmatic relationship of the services to complete the subscription of the concerned context change; completing the distribution of the context change according to the relationship of the producer/the consumer; correspondingly acting according to an evolution strategy defined by a service requester, and informing the service requester of a selected result according to a predefined callback interface; and autonomously redirecting a call relationship by the service requester to complete the dynamic recombination and evolution faced to the intemetware. Under the condition that the initial paradigmatic relationship among the services is defined, a series of problems of obtai"
ES-2536826-B1,System for monitoring the status of a subject,"System for monitoring the status of a subject, in particular intended to be installed inside a dwelling, a room or similar, comprising furniture elements (1) that includes in an integrated way at least one sensor capable of measuring a physical parameter of the subject; a processing unit (3) associated with a software to receive an electrical signal from at least said sensor; and a data communication module (4) for wireless transmission of the parameters obtained by at least said sensor. In this way, this processing unit (3) when it detects an anomalous behavior value or pattern linked to at least one parameter received by at least one sensor generates a signal."
US-2024424669-A1,Robotic process automation (rpa) acceleration of tasks with machine learning generation of network requests,"Aspects of the present disclosure relate generally to robotic process automation (RPA) and, more particularly, to systems, computer program products, and methods of accelerating RPA tasks that interact with web pages with machine learning generation of network requests. For example, a computer-implemented method includes receiving, by a processor, plural runtime variables of a bot executing client-side web application code; generating, by the processor, a network request from a machine learning model given input of the plural runtime variables of the bot; and sending, by the processor, the network request generated from the machine learning model to the bot."
CN-101610449-B,Method and system for configuration data upgrade and rollback,"The invention discloses a method for upgrading and rolling back configuration data. The method comprises the following steps: reading a version number A of the current software to compare with a version number B of software to be installed, and converting the configuration data of the version number A into configuration data of the version number B if the version number A is lower than the version number B; maintaining the configuration data of the version number A if the version number A is in accordance with the version number B; and searching for backup configuration data corresponding to the version B which are set when the software is upgraded previously and replacing the configuration data of the version number A with the backup configuration data if the version number A is higher than the version number B. The invention further discloses a system for upgrading and rolling back configuration data. The method and the system help greatly reduce maintenance time of the configuration"
CN-113591792-B,Transformer fault identification method based on self-organizing competitive neural network algorithm,"A transformer fault identification method based on a self-organizing competitive neural network algorithm, which belongs to the field of transformer technology. Based on on-site sampling of transformer vibration signals, the sampled signals are converted into the time-frequency domain and the individual component amplitudes in the frequency domain are extracted as The vibration acceleration feature vector is trained and identified through the SOM algorithm to achieve the purpose of transformer operating status and fault identification based on vibration signals. The invention has the advantages of being scientific and reasonable, true and effective, accurate in calculation, and of high practical value."
CN-105656037-B,Integrated safety verification method for high and medium voltage distribution network,"The present invention relates to power Transmission technical fields, promote high voltage power distribution software safety, excavate existing power distribution network power supply potential.In high voltage distribution network safety check not in the case of, ensure customer power supply safety using the load transfer ability of medium voltage distribution network.The technical solution adopted by the present invention is the integrated safe method of calibration of high pressure power distribution network, and high pressure power distribution network integrated safe verification principle is：1) first consider that high pressure zone rack turns to supply, laminate layer rack turns to supply in secondly considering；2) first consider that substation&#39;s internal loading turns to supply, secondly consider that rack turns to supply outside substation；3) high pressure zone rack turns for when can not succeed, considering that laminate layer rack turns to supply in combining；It is as "
CN-111965711-A,A method for simulating the depth development of road surface reflection cracks based on GPR image forward modeling technology,"The invention discloses a road pavement reflection crack depth development simulation method based on a GPR image forward modeling technology, which comprises the following steps of: (1) core drilling and sampling on site; (2) acquiring the thickness and relative dielectric constant data of each structural layer of the pavement; (3) constructing a real pavement three-dimensional model based on the measurement data of the core sample; (4) constructing and inserting reflection crack models with different damage degrees at the bottom of the model; (5) setting parameters of electromagnetic waves, guiding a reflection crack model into GPR image three-dimensional forward modeling software, simulating and calculating a plurality of single-channel reflection waves, and carrying out imaging processing on a waveform to obtain a radar detection section of the model; (6) and constructing a reflection seam depth inverse calculation formula and evaluating the overall performance of the pavement stru"
CN-103266457-A,A fully automatic clothes drying device,"The invention belongs to the technical field of a fully-automatic clothes airing and collecting device. According to the technical scheme, a second motor (26) fixed on a left side plate (27) is in shaft connection with a worm (25) which is meshed with a worm gear (24), outer telescopic rods (20) on an outer telescopic rod shaft (23) are hinged to second sliding blocks (31) in guide grooves, and a third travel switch (30) and a fourth travel switch (21) are correspondingly installed on the upper portion and the lower portion of the right guide groove. A steel wire rope is wound on a wining drum (8) on a shaft of a first motor (9) and is connected with corresponding first sliding blocks (14) through two fixed pulleys (4), and an inner telescopic rod (13) are movably installed on the upper portions of the first sliding blocks (14). A shaft of a third motor (11) is connected with a roller shutter shaft (1) by means of bevel gear transmission, the upper end and the lower end of a roller shu"
CN-116739460-A,An intelligent dispatching system for cold chain transportation vehicles based on big data,"The present invention relates to the technical field of cold chain transportation vehicle dispatching, and in particular to an intelligent dispatching system for cold chain transportation vehicles based on big data, including a dispatching center, a data processing unit, a supervision analysis unit, an early warning display unit, a self-test analysis unit, and a maintenance assessment unit. unit and feedback supervision unit; the present invention performs early warning performance evaluation and analysis on the alarm data of the cold chain transportation vehicle on the premise that the cold chain transportation vehicle is not working and has been maintained, in order to improve the alarm effect and dispatch rationality of the transportation vehicle, and at the same time It is helpful to improve the accuracy of the analysis results, and to select and evaluate the transportation data of cold chain transportation vehicles to determine whether the cold chain transportation vehicles corres"
JP-H11177626-A,System and method for communication network connection,"(57) [Summary] [PROBLEMS] To remotely connect a client computer to a communication network such as the Internet via a server system, and to include tasks such as changing static communication settings to dynamic settings. Dynamically provide network connectivity to client computers. SOLUTION: The usage time of the net is recorded, and the user is billed accordingly. The access software of the client computer 10 can be updated. An available access port (hot access port) 160 is provided for a client system access in which a welcome signal is pushed from the server system 110 toward the access port 160.   When a communication connection is established between the client system 10 and the access port 160, the client system 1   0 receives a welcome signal."
CN-108702263-A,"Data processing and transmission method, and user terminal and base station","This invention provides a data processing and transmission method, as well as a user terminal and a base station. The data processing method includes: a first user terminal receiving a first superimposed signal, the first superimposed signal carrying a first transmission signal and a second transmission signal of the first user terminal; when the second transmission signal cannot be detected, the first user terminal sending a feedback report to the base station; the first user terminal receiving a second superimposed signal, the second superimposed signal carrying at least the second transmission signal and a first correction signal related to the first transmission signal; and the first user terminal obtaining the second transmission signal based on the first superimposed signal and the second superimposed signal. This invention aims to improve data transmission performance."
CN-115052648-B,Method and apparatus for determining and/or predicting sleep and respiratory behavior that governs airway pressure,"Devices, systems, and methods for controlling operation of a breathing assistance device of a user are provided. The controller may include: an input for receiving sensor data to measure at least one airflow parameter of the airflow of the user; a memory unit storing at least one machine learning model and at least one classifier or predictor; and a processor configured to perform the measurements and generate control signals to adjust operation of the breathing assistance device during the current monitoring period by: obtaining measured air pressure and/or air flow data during a current monitoring period of time and measured FOT data; performing feature extraction on the measured data to obtain feature values that are used by a machine learning model employed by at least one classifier or predictor to determine attributes of the user; and adjusting the control signal based on the determined attribute."
CN-104901951-A,A cryptographic data processing and interaction method based on a mobile terminal in a Web application,"The invention relates to a mobile terminal based cipher data processing and interaction method in Web application. The method comprises that a browser or a local API called by the browser displays data to be ciphered, a data submission address, identification data of session between the browser and a Web application system and a session identification data submission manner in the forms of bar codes; a user uses a mobile terminal in which a cipher processing program runs to scan the displayed bar cords and obtain corresponding data from the bar codes; the user uses a secret key stored in the mobile terminal to cipher the data to be ciphered via the cipher processing program, and ciphered data is formed; and according to the data submission address, the cipher processing program submits the ciphered data to the Web application system, and at the same time, the session identification data is submitted in the session identification data submission manner. The method enables that the mobil"
CN-114185641-A,"Virtual machine cold migration method, device, electronic device and storage medium","The disclosure provides a method and a device for cold migration of a virtual machine, electronic equipment and a storage medium, and relates to the field of artificial intelligence such as cloud computing and distributed storage, wherein the method comprises the following steps: selecting a node as a target physical machine from nodes of a cluster where a virtual machine to be migrated is located, wherein the target physical machine and a source physical machine where the virtual machine is located are different nodes; and respectively migrating the system disk data and the data disk data in the virtual machine from the source physical machine to the target physical machine in a point-to-point data transmission mode to obtain a migrated virtual machine, and recovering the virtual machine on the source physical machine. By applying the scheme disclosed by the invention, the labor and time cost can be saved, and the storage resources and the like can be saved."
CN-110415231-A,A kind of CNV dividing method based on attention pro-active network,"The invention provides a CNV segmentation method based on an attention prior network, which belongs to the technical field of medical image processing. The method proposed by the invention is mainly divided into three parts: (1) attention prior learning. U‑net is used to pre-segment the OCT image to generate a priori map, which can represent the priori of pixel pairing or misclassification (2) attention priori enhancement. Based on the prior image, the original image is enhanced, and the weight of easily misclassified pixels is enhanced. Generate attention-enhanced images. (3) Segmentation. Attention-Enhanced Image Segmentation Using Fully Convolutional Neural Networks. The invention can improve the importance of error-prone pixels in the training process, so that the segmentation model can learn sufficient knowledge of such pixels."
CN-101976204-A,Service-oriented heterogeneous multi-core computing platform and its task scheduling method,"The invention relates to a service-oriented heterogeneous multi-core computing platform which comprises a core servant, at least one group of software servants, at least one group of hardware servants, an interconnecting module and a peripheral bus module, wherein the core servant and the peripheral bus module are interconnected; the core servant and the hardware servants are interconnected through the interconnecting module, and the core servant and the software servants are interconnected through the interconnecting module; each software servant comprises an embedded processor and a software service program running on the embedded processor; and each hardware servant comprises a heterogeneous hardware acceleration module. The system and the scheduling method of the invention can provide various types of computing services, and adopt the hardware acceleration mechanism to reduce the computing time of the system."
CN-102714476-B,Control Cards for Brushless DC Motors,"This invention relates to a motor control card (1) for controlling a brushless direct current (BLDC) motor, comprising: a three-phase inverter (3) that converts direct current received from an AC-DC converter (2) into three-phase current by means of transistors; a sensing unit (4) that detects rotor position; and a microprocessor (5) that provides speed control to the motor (M) by generating a pulse width modulation (PWM) signal with an appropriate duty cycle using a PI algorithm included in its software. The microprocessor (5) applies the thus generated PWM signal by increasing the duty cycle during the commutation (X) duration in which the current applied to the motor (M) transitions from one phase to another in the three-phase inverter (3), in order to reduce torque oscillations and therefore motor noise. Brushless direct current (BLDC) motors are used in household appliances such as dishwashers or washing machines."
US-2002165927-A1,Image processing,"Network configuration data is automatically written to data structures in a networked image data processing environment. The environment includes several image processing systems ( 101 - 108 ) in which each image processing system has direct access to a respective frame storage device ( 111 - 118 ). Each image processing system includes a local configuration file specifying details of its locally connected storage device in combination with a network configuration data structure. A network ( 121 ) allows each image processing system to indirectly access the frame storage devices of other connected image processing systems. An image processing system transmits details of system configuration data to other networked processing systems. Furthermore, configuration data received from other networked image processing systems is added to local configuration data. Thus, when network configurations are changed, each system will identify its local condition, transmit this information to other sy"
CN-103817171-A,Method for measuring bending angle of composite sheet metal parts in compression bending,"The invention discloses a method for measuring the bending angle of a composite plate sheet metal part molded by bending. The method is composed of the following steps: tracing the cross-sectional profile of the sheet metal part after the molded springback, scanning and inputting the traced cross-sectional profile to a computer, Or take photos perpendicular to the cross-sectional direction of the sheet metal parts after molded springback, input the photos into the computer, and the computer determines the curvature center of the sheet metal part in the scanned image or photo through software, and bends from the curvature center to the sheet metal part The straight lines on both sides of the part are used as vertical lines, and the angle θ between the two vertical lines is directly read through the computer software, that is, the angle after the springback of the sheet metal part is measured. The method of the invention has high measurement precision, simple operation, low measurement c"
CN-109308449-B,A deep learning-based foreign object filtering video coding chip and method,"The present invention provides a foreign object filtering video coding chip and method based on deep learning. The method uses a neural network classification and identification unit to classify objects contained in a video stream image one by one, and identifies sensitive objects in the current frame image. In the case of , the sensitive object is processed by the processing method corresponding to the sensitive object, so as to realize the purpose of automatically removing the object that the user does not expect to see in the current frame image. At the same time, when a certain frame of images recognizes a sensitive object, the next few frames of images will be recognized for the object. On the contrary, when a certain frame of images does not recognize a sensitive object, the next few frames of images will be directly encoded and output. Without object recognition, compared with the method of identifying and judging each frame of image, the processing efficiency is effectively imp"
WO-2022269709-A1,"Data processing device, data processing method, and data processing program","A data processing device according to an embodiment includes a memory circuit and a processor. The memory circuit can store video data and sound data. The processor performs a monitoring process. The processor: estimates, in the monitoring process, the direction and number of at least one visitor staying in a monitored area on the basis of the video data (S11); estimates the direction of sound generated in the monitored area, on the basis of the sound data (S12); and determines whether or not a soliloquy has been uttered on the basis of the direction and number of the at least one visitor and the direction of the generated sound (S18)."
CN-108196487-A,A concrete flow monitoring system and monitoring method of a towed concrete pump truck,"A kind of towed concrete pump vehicle concrete flow quantity monitoring system and monitoring method, including vehicle-mounted control end, man-machine module, information acquisition module and execution module；Vehicle-mounted control end includes pump truck control process module and wireless network communication module, and man-machine module, information acquisition module and execution module are all connected to pump truck control process module；Pump truck control process module is used for data processing and storage；Man-machine module can be the input instruction of pump truck control process module, while can show construction parameter information and warning message；Piston displacement information and the location information of concrete pump in-line pressure information and pump truck when information acquisition module is used to monitor towed concrete pump truck pumping concrete, the present invention realizes the information-based monitoring of the concrete flow quanti"
CN-114661010-B,A driving detection processing method and cloud platform based on artificial intelligence,"The invention discloses a drive detection processing method and a cloud platform based on artificial intelligence, and relates to the technical field of artificial intelligence, wherein the drive detection processing method based on the artificial intelligence comprises the following steps: responding to a system control instruction, and acquiring an unlabeled system operation feature vector matched with a target industrial system; forming an initial system operation characteristic vector set matched with a corresponding system operation environment; invoking a system control instruction generation model for countertraining by using a historical system running state training sample, and generating a control instruction for the initial system running feature vector set through the system control instruction generation model to obtain a control instruction of a target industrial system; by outputting the control instruction of the target industrial system, compared with the prior art tha"
CN-120598469-A,Tobacco purchasing scheme generation method and system,"The embodiment of the invention provides a method and a system for generating a tobacco purchasing scheme, and belongs to the technical field of artificial intelligence. The method comprises the steps of obtaining each parturition data block and each purchase transaction data block, judging whether a purchase plan can be completed in the current period, executing the purchase plan in the previous period to serve as a purchase scheme in the current period when the purchase plan can be completed, and generating the purchase scheme by adopting a decision distribution robust optimization method when the purchase plan can not be completed. According to the method and the system, the robustness optimization method is adopted, so that the purchasing scheme is dynamically adjusted under the condition that the purchasing scheme cannot be completed, and the efficiency of purchasing scheme generation and the effectiveness of the generated purchasing scheme are improved."
US-2019306465-A1,Systems and methods for configuring baby monitor cameras to provide uniform data sets for analysis and to provide an advantageous view point of babies,"Systems and methods for monitoring babies with cameras using a centralized computation and storage center that allows using visual output signals for computer vision and machine learning analysis and high-level reasoning of baby movements. The system comprises a camera located at a predefined working point above a baby&#39;s crib, and one or more communication networks between components of the system including a web-based network for in-depth computer vision and machine learning analysis of the visual output signals by an analysis server."
US-2012240098-A1,Software Development and Publishing Platform,"Described are methods, systems, and computer program products for providing a flexible development platform. The system aspect includes a hierarchical data modeling system, which itself includes a number of data modeling system base data types, a structure class comprising one or more complex data types. There is also an encoding module. In the first structure class, each complex data type includes the data modeling system base data types or another structure class. The encoding module converts the one or more complex data types of the first structure class into a form using only the data modeling system base types."
CN-108712458-B,Software defined network controller supporting content control,"The invention provides a software defined network controller supporting content control, the controller comprises a core service providing layer, the core service providing layer comprises: the network content routing control service module is used for acquiring and managing content routing control information of the equipment through the southbound control interface layer and receiving content routing control strategy adding/deleting information sent by upper application through the northbound interface layer, and analyzing the content routing control strategy into corresponding content routing control adding/deleting information to be sent to the equipment; and the network content management service module is used for acquiring the storage content information of the equipment through the southbound control interface layer, returning the corresponding storage content information according to the received storage content information query message and actively pushing and deleting the s"
CN-120147924-A,Operating room intelligent monitoring method and system based on monitoring video identification,"The invention discloses an intelligent monitoring method and system for an operating room based on monitoring video identification, which relate to the technical field of medical safety supervision and comprise the steps of collecting videos through an operating room camera array, constructing an operating area panoramic sequence by utilizing a residual neural network and an optical flow field, adopting a double-branch target detection network to extract the positions of medical staff, the positions of patients and the characteristics of surgical instruments to construct an operating scene model, tracking tracks based on skeleton key point extraction and Kalman filtering to construct an operating flow dynamic diagram, generating an operating progress state report by utilizing a time sequence diagram convolution network and a multi-head attention mechanism, comparing an operating normative library through a knowledge distillation algorithm, and recording abnormal events in a grading man"
US-2021364226-A1,Artificial intelligent refrigerator and system and method for controlling temperature thereof,"Disclosed is an artificial intelligent refrigerator including a cold-storage chamber; a temperature information receiver for receiving external temperature information of a location in which a purchased item is located; an arrival time information receiver for receiving expected arrival time information to be taken until the item is stored in the cold-storage chamber; and a temperature controller for setting in advance a target cooling temperature of the cold-storage chamber for the item based on an artificial intelligence (AI) processor in which a neural network model is mounted before the item is stored in the cold-storage chamber. Here, the temperature controller inputs the external temperature information and the expected arrival time information to the neural network model to estimate a temperature change of the item and sets in advance a target cooling temperature of the cold-storage chamber based on an estimated temperature change of the item."
CN-114466090-A,A method and system for monitoring data transmission and exchange on an industrial Internet of Things platform,"The invention discloses a method and a system for transmitting and exchanging monitoring data of an industrial Internet of things platform, which relate to the technical field of industrial Internet and mainly solve the problem that the industrial data can not be shared in the prior art, realize data sharing and improve the utilization rate of information resources, and comprise a data acquisition module, an identification analysis module, a label compression module, a transmission module, a decompression classification module and a modeling visualization module, wherein the data is acquired by a sensor at an equipment end, the acquired data is matched with the identification analysis module to perform identification analysis on the data to obtain the structure and the data protocol type of the data, the data is compressed into a data packet with the consistent structure and protocol by combining a data label and the label compression module, the acquired data is separated by decompres"
US-2014184676-A1,Data processing apparatus and data processing method,"The present invention reduces an uneven color of a color having two or more colors of inks, the uneven color occurring due to manufacturing variations of ink ejection nozzles and so on. Each of a plurality of correction tables that is assigned to each predetermined number of nozzles that are used for printing on a common region in the print medium, of a plurality of nozzle arrays formed on a print head, each of the nozzle arrays ejecting a plurality of inks including a first ink and a second ink whose color is different from the color of the first ink, is generated on the basis of at least an ink ejection property of nozzles ejecting the first and second inks."
AT-E441295-T1,"METHOD, DEVICES AND SOFTWARE PROGRAMS FOR PROCESSING AND/OR ASSESSING MMS-RELATED MESSAGES",The ensemble device is designed in such a manner that a subscriber identity module application toolkit (SAT)/universal subscriber identity module application toolkit (USAT) application is supported. The SAT/USAT application is designed in such a manner that a received multimedia messaging service (MMS)-information message is processed and/or evaluated and an accessing of a multimedia message is controlled on the basis of the MMS-information message. A user agent of the MMS is accommodated in the device. Independent claims are also included for the following: (1) a storage medium for accommodating a subscriber identity module application toolkit (SAT)/universal subscriber identity module application toolkit (USAT) application (2) a computer program product of implementing a method for processing and/or evaluating a multimedia messaging service-related message.
CN-208752054-U,Environmental detector based on LPWAN Internet of Things,"The utility model discloses the environmental detectors based on LPWAN Internet of Things, the side of gas gathering mask is provided with several detector mounting bases, each detector mounting base can install a kind of detector, gas gathering mask offers insert port in each detector mounting base corresponding position, insert port is equipped with the diaphragm seal that can be washed open, battery and LPWAN Internet of Things signal projector are installed above gas gathering mask, battery connect with LPWAN Internet of Things signal projector and is the power supply of LPWAN Internet of Things signal projector, LPWAN Internet of Things signal projector is equipped with several communication interfaces, detector can be docked by included connector with communication interface, and information wireless transmission will test by LPWAN Internet of Things signal projector, each detector mounting base is nearby mounted on a charging connector, charging connector and electricity Pond co"
JP-H10154107-A,Input / output software test method and test equipment,(57) [Summary] (with correction) [PROBLEMS] To reduce various equipment costs and test time related to input / output software testing. A software for a data input / output processing operation in a controller having a CPU is tested. An I / O simulation unit 3 which configures a data input / output space for the controller 2a and simulates data input and output to the controller 2a; and an I / O simulation unit 3 for setting and inputting command data relating to an input / output software test. And a personal computer 5 for displaying the data output by the I / O simulation unit 3. The I / O simulation unit 3 includes a means for transferring the command data set and input by the personal computer 5 to the controller 2a and a processing by the controller 2a based on the basic software. Means for outputting data responding to the generated command data to the personal computer 5.
US-6085286-A,Cache control method and apparatus,"In an information processing system having a data processing apparatus, a control unit for a cache memory, and a storage unit for storing a record, respectively interconnected together, wherein when the control unit receives from the data processing apparatus a write request for a record to be written and if the record to be written is not being stored in the cache memory, the control unit receives a data to be written in the object record from the data processing apparatus and stores the received data in the cache memory. After notifying the data processing apparatus of a completion of a data write process, the control unit checks if the object record in which the data stored in the cache memory is being stored in the storage unit, if the object record is being stored in the storage unit, the data in the cache memory is written in the storage unit, and if not, the data in the cache memory is not written and such effect is notified to the data processing apparatus."
US-9767249-B1,Energy consumption via VPN configuration management,"An automation system including a plurality of peripheral devices, each configured to perform at least one function relating to energy consumption in a facility and an automation controller in communication with the plurality of peripheral devices and providing for the control of the performance of the function by each device. An external network resource such as at least a virtual private network server is configured to enable communication with the automation controller. The automation controller is configured, such as by executing virtual private network software, to establish and maintain a secure data link with the virtual private network server and to enable oversight and/or control of the automation controller via the virtual private network server."
CN-207819457-U,Intelligent load control system,"The utility model provides an intelligent network load control system, which comprises a sequentially connected load management module, a load quick response module, a central station and a power grid general station. The load management module is provided with an electrically connected DSP chip and a dual-network The port is used to avoid the common network phenomenon caused by the collection of electricity information. The load management module includes a remote meter reading module, a pre-purchased electricity module and an anti-theft module. The remote meter reading module includes an electric energy meter, and the electric energy meter is connected to a sensor system and several intelligent terminal devices. , between the electric energy meter and the sensor system and the intelligent terminal, there is an intelligent power consumption Internet of Things. The load rapid response module is connected to the substation and the precise load shedding terminal in turn. The precise load"
CN-119587979-A,"Game data processing method and device, electronic equipment and storage medium","The disclosure provides a game data processing method, a game data processing device, electronic equipment and a storage medium, and relates to the technical field of game processing. The method comprises the steps of displaying a development interface of the virtual character, wherein the development interface comprises a plurality of system access controls and upgrading controls which are respectively used for accessing development subsystems of the virtual character, each development subsystem corresponds to development objects with different development dimensions of the virtual character, determining target development objects from each development subsystem in response to triggering operation of the upgrading control, upgrading the target development objects, and realizing one-key upgrading of the target development objects in the development subsystems."
JP-H11265478-A,Advertising management method in KIOSK system,"(57) [Summary] [Problem] To provide an advertisement management method in a KIOSK system including a plurality of KIOSK terminals, in which a plurality of KIOKS terminals can simultaneously change advertisement data without changing application software of each KIOSK terminal. SOLUTION: In the advertisement management method in a system in which each of a plurality of KIOSK terminals 10 is connected to a single KIOSK server 20, all of the advertisements displayed by each of the plurality of KIOSK terminals 10 are displayed. Each of the plurality of KIOSK terminals 10 stores and manages the data 22, and each of the plurality of KIOSK terminals 10   Advertisement data is acquired from the K server 20 and advertisement display 3 is performed on the terminal itself."
CN-118097492-B,Mine illegal action intelligent recognition method based on artificial intelligent deep learning,"The present invention relates to the field of video processing technology, and specifically discloses an intelligent identification method for illegal activities in mines based on artificial intelligence deep learning, comprising: aggregating a plurality of video segments newly acquired by all camera devices arranged in a mine as a simultaneous video segment group, and identifying all identification object image area sequences in the simultaneous video segment group; matching all identification object image area sequences in the simultaneous video segment group based on the actual spatial displacement of entity objects corresponding to all identification object image area sequences in the mine, and obtaining an identification object image area sequence group; obtaining an illegal activity identification result based on each preset artificial intelligence deep learning illegal activity discrimination model of a camera device that obtains the video segment to which the identification obj"
CN-106529299-A,A method for detecting and repairing malware Rootkit in linux system,"The invention relates to the field of development of computer software, and in particular relates to a method for detecting and repairing malicious software Rootkit in a linux system. According to the method, whether the system is attacked by the Rootkit is detected by using the output of a system call sum function by a way of typing a core module, the replaced system call is repaired by a HOOK technology, and thus the result of repairing the system is achieved. According to the method provided by the invention, core-level detection and repairing of the linux system on the malicious software Rootkit are achieved, and thus an unusual condition of the linux system can be effectively detected, and security of the linux system is improved."
JP-2023003005-A,"Data dimension compression method, computer program and data dimension compression apparatus","[Problem] To provide a data dimension compression method capable of implementing data compression for efficient machine learning or processing for visualizing data distribution. [Solution] The data dimension compression method includes a step of compressing the dimension of a data group from a high-dimensional space to a low-dimensional space using a distance function that defines the distance between any two vectors in the high-dimensional space, a step of dividing the low-dimensional space after the dimension compression into a plurality of small intervals, an analysis step of performing a regression analysis using a regression model for each divided small interval based on at least one data belonging to the small interval, and a step of updating p first parameters included in the distance function based on the results of the regression analysis in the plurality of small intervals. [Selected Figure] Figure 2"
US-2024394561-A1,Automation rules definition and audit using natural language processing,"A computer-implemented method for defining and auditing rules in a knowledge-based automation system (AS), includes generating a semantic representation (SR) of a textual NL representation of a user command, creating 5 a new rule template based on the SR of the user command, storing new rule template in a rule database of the AS in an inactive state, generating an SR of the new rule template based on a rule-based graph model of the AS, automatically comparing the SR of new rule template with the SR of the user command to automatically determine a deviation of the new rule template from the user 10 command during run-time, integrating comparison results into NL feedback for providing to the user, receiving a user&#39;s NL response to the NL feedback, and automatically updating during run-time, a state of the new rule template in the rule database based on the SR of the user response."
US-6215898-B1,Data processing system and method,"A powerful, scaleable, and reconfigurable image processing system and method of processing data therein is described. This general purpose, reconfigurable engine with toroidal topology, distributed memory, and wide bandwidth I/O are capable of solving real applications at real-time speeds. The reconfigurable image processing system can be optimized to efficiently perform specialized computations, such as real-time video and audio processing. This reconfigurable image processing system provides high performance via high computational density, high memory bandwidth, and high I/O bandwidth. Generally, the reconfigurable image processing system and its control structure include a homogeneous array of 16 field programmable gate arrays (FPGA) and 16 static random access memories (SRAM) arranged in a partial torus configuration. The reconfigurable image processing system also includes a PCI bus interface chip, a clock control chip, and a datapath chip. It can be implemented in a single board."
CN-115618169-A,"Track point fitting method, device, electronic device and readable storage medium","The application provides a track point fitting method, a track point fitting device, electronic equipment and a readable storage medium, wherein a plurality of groups of cubic spline curves are generated based on a track point set and a distance increment on the basis of taking a straight-line distance between any adjacent track points in the track point set as the distance increment, the end points of the cubic spline curves meet a specific terminal reciprocal continuous condition, the cubic spline curves of other track points which are not the end points are continuous in a first derivative and continuous in a second derivative, the data processing amount is small on the premise of ensuring the smoothness of a final curve, and the vehicle tracking response speed is improved."
CN-113232776-A,Course guides device based on thing networking,"The invention provides a course guiding device based on the Internet of things, which comprises a fixed base, wherein a fixed column is fixedly connected to the surface of the fixed base, a connecting assembly is arranged at the bottom of the surface of the fixed column, the connecting assembly comprises a connecting seat, a placing box is fixedly connected to one side of the connecting seat, a whistle device is arranged in the placing box, a pressing device is arranged on the left side of the inner wall of the placing box, and a control device is arranged at the top of the inner wall of the placing box. According to the course guiding device based on the Internet of things, when a ship runs on the visibility sea surface, the matching between the whistle device and the pressing device can be used for guiding the direction through sound propagation, the sound propagation length can be used for ensuring high penetrating power through the whistle, an operator can conveniently distinguish "
CN-102592085-B,A wireless communication terminal and industry software safe operation method,"A kind of wireless communication terminal and development method for safe operation.Store development and data in the internal storage medium of wireless communication terminal, the user interface UI software package of wireless communication terminal is containing a self-defined SCSI command process module of UI, and wireless communication terminal inside comprises a self-defined SCSI command process module; UI uses the UI self-defined SCSI command process module self-defined SCSI processing module sent in self-defined SCSI instruction and wireless communication terminal to carry out alternately, run in development and Data import to PC memory, after Data Update UI send again self-defined SCSI instruction by upgrade after software or data write back in the storage medium in wireless communication terminal.Technical solution of the present invention reduces the risk that development and data are tampered and steal, and security is strengthened greatly.Carry with very easy to use, impro"
CN-118503270-B,"A NL2SQL data set construction method, device, equipment and medium","The present application discloses a NL2SQL data set construction method, device, equipment and medium, which relates to the field of artificial intelligence technology, including: structural analysis of the current database to be processed to obtain structural analysis results; generating a seed data set based on a preset large model, a preset prompt project and the structural analysis results; the seed data set includes a number of corresponding seed questions and target SQL statements corresponding to various sub-questions; semantic expansion of various sub-questions based on the preset large model and the preset prompt project to obtain an expanded data set; verifying and screening the expanded SQL statements corresponding to the expanded questions in the expanded data through preset statement verification rules to obtain a target NL2SQL data set corresponding to the database to be processed, so as to complete the model training operation corresponding to the preset data processing "
CN-117560098-B,Method and device for predicting radiation performance parameters of radio frequency communication equipment,"The present disclosure relates to the field of communication technology and provides a method and device for predicting radiation performance parameters of radio frequency communication equipment. The method includes: inputting each piece of training data in each training data group into a deep learning model, outputting the data characteristics of each piece of training data through a feature extraction and processing network, and outputting the radiation performance parameters of each piece of training data through a classification network; calculating each piece of training data. The prediction result loss between the radiation performance parameters of the training data and the labels is calculated, and the first feature contrast loss between the data features of the three training data in each training data group is calculated; the prediction result loss calculated based on each training data group and The first feature comparison loss optimizes the model parameters of the deep le"
CA-3175198-C,"Comprehensive system and method of universal real-time linking of real objects to a machine, network, internet, or software service","Methods of connecting or linking real objects to machines or the virtual world in real time utilizing a device are disclosed. In one embodiment, a wireless tag attached to an object in communication with an electronic device, such as a cellular phone, tablet computer, laptop computer, or watch, monitors and updates the position of a wireless tag locally and on a machine/network/cloud. Methods of using a wireless tag in safety, loss/theft prevention, healthcare, tracking, advertising and marketing, education, games, finance, payment, and athletic are disclosed. In another embodiment, methods of providing an application programming inter-face and/or a software development kit based on the devices are provided, allowing software developers the ability to create their own programs or applications on top of the disclosed system is disclosed. Methods of allowing developers to distribute and/or monetize applications developed through the application programming interface and/or a software dev"
JP-2000011012-A,Three-dimensional display device of printed board,"PROBLEM TO BE SOLVED: To provide a three-dimensional display device of a printed board improving operability so as to display 3D wiring board. SOLUTION: The 3D display device is constituted of a graphic input part 1 for inputting graphic data, a data base storage part 4 for storing graphic data, a data processing part 3 for executing the processing of data read out from the input part 1 or the storage part 4, a 3D data processing part 7 for converting data into 3D data when 3D data are instructed, and a display part 2 for outputting various information."
US-2019000382-A1,"System and method for analyzing items using image recognition, optical character recognition, voice recognition, manual entry, and bar code scanning technology","System and method for analyzing components of one or more items at a time based on the analysis of image data and item component data and deciphering that data for the user. A user can use a computing device for item data input and the system recognizes or identifies items by image recognition, optical character recognition, voice recognition, typed query, barcode scan or a combination of those to analyze the item and return analysis of each item to the user&#39;s computing device through visual display, audible communication or a combination of both visual display and audible communication. System and method for analyzing items, recognizing or identifying the images of items, and analyzing the components of items is executed by referencing image databases, image recognition services, application program interfaces (APIs) and through machine learning to provide the user with analysis of items by processing the data that corresponds with those items."
TW-201516936-A,Method for integrating instrument control panel verification system,"A method for integrating an instrument control panel verification system, which provides a verification and evaluation operation by a verification system including a system platform unit, a data transceiver unit, at least one application unit and at least one operation unit, and provides the operation in sequence Unit program, an application unit selection program, a system platform unit login program, a verification execution item selection program, an instrument control cabinet verification evaluation operation execution program, and a data processing program, wherein the system platform unit is open The working platform is for the administrator to edit the data. The working unit is a hand-held wireless communication mobile device having a display component, a processing component, a multimedia component and a power component, and is performed by touch. The application unit is a verification program for the instrument panel that can be independently developed and designed."
SU-1460093-A1,Card-reducing mechanism for double-lift loom dobby,"The invention relates to the textile industry and allows to expand the technological capabilities of the mechanism and simplify its design. It is possible to produce fabrics that have complex weaves with large weft patterns, for example, handkerchiefs. The mechanism has a software disk 6, equipped with spikes 8, located on both its sides according to a given program. Spikes 8 interact with dogs 9 and 10 of ratchet 4 and 5 of the forward and reverse stroke of the prism, 1 s.p. f-ly, 5 ill."
US-2015095880-A1,Facilitating software development tools on mobile computing devices in an on-demand services environment,"In accordance with embodiments, there are provided mechanisms and methods for facilitating dynamic software development tools on mobile computing devices in an on-demand services environment in a multi-tenant environment according to one embodiment. In one embodiment and by way of example, a method includes initiating an application building tool to generate a new software application for a computing device. The application building tool may be accessible via a user interface at the computing device including a mobile computing device or one or more other computing devices. The method may include providing a software development environment to facilitate user interactions based on the new software application, where each user interaction is associated with one or more objects in an on-demand services environment."
WO-2017118919-A1,Luggage,"Luggage as well as systems, devices, methodologies, and software for use with such luggage are disclosed. The luggage may include one or more compartments and lids that can be locked. The luggage may also include an identification device for obtaining information identifying a user and a computing device, such as a microcontroller or processor. The computing device may be configured to compare identification information with reference identification information to determine whether a user is authorized to access an interior of the luggage. Based on results of the comparison, the computing device may control a locking mechanism to unlock one or more of lids of the luggage to allow a user access to the interior of the luggage. The luggage may also include a GPS transceiver for tracking the luggage, a sensor for weighing the luggage, or a coupling mechanism to couple the luggage to another piece of luggage."
CN-121076683-B,"Overcurrent protection frequency control methods, processors, storage media, and software products","The invention discloses a frequency control method, a processor, a storage medium and a program product for overcurrent protection, wherein the method comprises the steps of determining frequency values of all stages of the overcurrent protection according to a target working frequency, configuring the frequency values of all stages of the overcurrent protection to a first register, and transmitting the frequency values of all stages in the first register to a third register when the target working frequency is configured through a second register, wherein the second register is a frequency configuration register for indicating a post-frequency divider, and the third register is a frequency configuration register for indicating the frequency values used by a state machine in all stages. The invention can realize the dynamic configuration of the OCP frequency, the frequency configuration of the OCP does not need to be placed in the same register together with the frequency configuration"
CN-104486034-B,A kind of RS422/485 serial port communication datas group bag method,"A kind of RS422/485 serial port communication datas group bag method, according to information such as the clear and definite synchronization character of communication protocol between digital display circuit, length word, data word, verification and words, synchronization character is used to inquire about packet starting position, length word is used to determine data packet length, and verification and word are used for verification data bag data validity;Other packet informations can be increased according to actual conditions and be used for the effective and reasonable property of control data bag data；The RS422/485 serial port communication data group bag methods, can be flexible, general according to the different settable parameter Input Softwares of communication protocol requirements, data group bag；Can be achieved more bag data group bags, favorable expandability, and in engineering it is easy to implement, simple and easy, reliability is high；It realizes RS422/485 serial "
CN-113627457-B,Method and system for classifying defects within a wafer using wafer defect images based on deep learning,"The present invention provides a method and system 100 for classifying defects in a wafer using wafer defect images based on a deep learning network. Embodiments herein use synergy between multiple modes of a wafer defect image to make classification decisions. Further, by mixing of the addition modes, information can be obtained from different sources, such as color images, ICI, black and white images, etc., to classify the defective images. In addition to the hybrid mode, a reference image may be used for each mode. The reference image for each mode image is provided to a deep learning model to focus on the defect itself, not on the associated underlying lithography of the defect image. In addition, the reference images may be provided to a training process of the deep learning model, which may significantly reduce the number of marker images and the training time for the deep learning model to converge."
CN-107405114-B,Non-invasive blood glucose level measuring method and non-invasive blood glucose level measuring apparatus,"The non-invasive blood glucose level measuring device (1) according to the present invention includes: a pulse wave measuring unit (2) including an FBG sensor (4) for measuring the acceleration pulse wave of the subject; and a data processing unit (3 ), which calculates the blood sugar level of the subject when the acceleration pulse wave is measured based on the waveform information of the acceleration pulse wave obtained by the measurement and based on a predetermined correlation. The correlation is a calibration line constructed by performing PLS regression analysis with the blood glucose level measured by the invasive measurement method as the target variable and the acceleration pulse wave measured simultaneously as the explanatory variable. It is possible to realize a non-invasive blood sugar level measurement device capable of measuring blood sugar levels with measurement accuracy comparable to that of an invasive blood sugar level measurement method."
CN-103049674-A,A qualitative prediction method and system for hERG potassium ion channel blocking effect of chemical drugs,"The invention provides a qualitative prediction method and system for the hERG potassium ion channel blocking effect of chemical drugs. The qualitative prediction method includes: determining the molecular structure information of the chemical drug; identifying and comparing the molecular structure with the known molecular characteristic structure of the compound related to hERG blocking effect, judging whether it has the characteristic structure, and making Qualitative predictions. The system of the present invention at least includes: an input module, a display module, a storage module, a data processing module, and a hERG blocking effect prediction module, and the data processing module is connected with the input module, the display module, the hERG blocking effect prediction module, and the storage module Associated. The system and method can timely and accurately predict the cardiotoxicity risk of the drug under research in the early stage of drug development, saving a lot of mon"
RU-78968-U1,SYSTEM FOR EVALUATING THE STABILITY OF THE PROCESS OF ACHIEVING AGREEMENT IN THE FORMATION OF THE STRATEGY OF ACTION OF THE ORGANIZATION,"The utility model relates to the field of data processing for special applications and can be used to model and create organizational systems, in particular, systems for assessing the stability of the process of reaching agreement when forming the organization’s action strategy (group, team). The required technical result, which consists in expanding the functionality, is achieved in a device containing the first and second data processing units, a current time stamp sensor, a current time interval sensor, three differentiation units, two multipliers, two subtraction units and an adder."
TR-2023018069-A1,ELECTRONIC UNIT TRACKING AND ANALYSIS SYSTEM,"The invention relates to a tracking and analysis system used in armored military land vehicles that monitors electronic control units, continuously monitors and records communication infrastructures, and enables error analysis and data protection. Specifically, the invention relates to a tracking and analysis system containing a vehicle control brain (70) that analyzes data from the anti-lock braking system (40), engine control module (50), and transmission control module (60) with its software, sends it to the CANBUS Logger (10) for recording, and sends information as a message to the task (20) and driver (30) screens in case of any error."
JP-2024544644-A,"Method, apparatus and electronic device for controlling USB device access","A method, apparatus and electronic device for controlling USB device access are provided.  A method for controlling access to a USB device, the method being applied to a USB access control device connected to a protected device via an interface. In this way, data of the protected device can be securely protected via the USB access control device attached to the protected device. Data of the protected device can be securely protected without installing security software in the protected device. The USB access control device can determine whether to close a switch disposed in the USB access control device according to a descriptor of a USB device. If the descriptor of the USB device is the same as the registration information of the USB device, the switch disposed in the USB access control device is closed so that the USB device and the protected device can communicate with each other. At this time, although the descriptor of the USB device has been successfully verified, it is necessary"
EP-2210155-B1,Electric-motor drive arrangement,"An electric-motor drive arrangement is proposed having at least one electric motor and having at least one control device, wherein the electric-motor drive arrangement has a measurement data processing apparatus and a non-volatile memory. In this case, the memory is connected to a comparator which operates at least one optical display block of a display apparatus when a predetermined set value is reached or exceeded."
CN-120148780-A,Case patient image generation method and medical teaching interaction method based on artificial intelligence,"The application discloses a case patient image generation method and a medical teaching interaction method based on artificial intelligence, which comprise the steps of S1, obtaining current case data, extracting pathological feature data of a patient, S2, determining a global part outline of the current case patient image according to the pathological feature data, S3, generating global instruction feature data corresponding to the global part outline based on a mapping relation between a human body part and instruction features, and S4, responding to the global instruction feature data, obtaining image materials corresponding to the global instruction feature data, and generating a patient image. According to the method, the case is intelligently matched with the patient image, the case information visualization is realized, a teacher can visually know the corresponding case through the patient image without opening the case and checking the text content, so that the case selection a"
EP-1294176-A3,Image data processing method for ink jet printer,"An image data processing method for ink jet printer having
the following steps:
   (1) obtaining an allowable amount of ink in accordance with
inputted image data and characteristics of a medium for
forming an image,   (2) selecting an ink jetting domain and fixing the amount of
ink in the selected ink jetting domain at a specified value,
on the basis of the allowable amount of ink, and   (3) practicing a quantization processing with the amount of
ink in the ink jetting domain fixed at the specified value."
EP-3888223-A1,Utility vehicle control system with real time clock,"A utility vehicle that includes a vehicle control system having one or more real time clocks (RTC). The RTC can be embedded in the vehicle control system, or in components or subsystems of the vehicle control system, and can be either dedicated electronics or software based. Information provided by the RTC can be used to synchronize components and subsystems of the vehicle control system. Further, such inclusion of the RTC can enable the vehicle control system to initiate a number of time based functions, including, for example, time based functions relating to battery charging, wake-up and shut down of components, status reporting, periodic vehicle level events and maintenance, and management of time based operation or use of the utility vehicle or components thereof, including vehicle cameras."
CN-111477320-B,"Treatment effect prediction model construction system, treatment effect prediction system and terminal","The application provides a system for constructing a therapeutic effect prediction model, a therapeutic effect prediction system and a terminal, which relate to the technical field of diagnostic and therapeutic instruments. Through the deep neural network model, text word vector conversion module, embedded neural network model, feature splicing module and model training module, the collected sample patient information is processed, and the treatment effect prediction model based on Multi-Hot Embedding text word vector is obtained. The construction system of the treatment effect prediction model of the present application aims to solve the problem that the RNN model relies on the temporal correlation of text information during model construction, resulting in the inability to effectively capture patient information."
CN-106404069-A,Intelligent on-line measurement system for pipe supports,"The invention relates to an intelligent online measurement system for pipeline supports, which belongs to the technical field of intelligent pipeline supports, and includes an intelligent pipeline support system, a wireless communication center base station, a data processing software platform, and a terminal display device; the intelligent pipeline support system collects data, and the collected data is transmitted to the data processing software platform through the wireless communication center base station for data processing, and the data processed by the data processing software platform is displayed through the terminal display device; the present invention has reasonable structure and advanced method, and the present invention , this product is developed according to the existing problems, and it will effectively solve the problems of the existing technology."
CN-119883825-A,A data management system and method for OPS computer terminal,"The invention discloses a data management system and a data management method for an OPS (open-loop service) computer terminal, which relate to the technical field of OPS terminal data management, wherein the system comprises a data processing module, a characteristic analysis module, a sampling frequency adjusting module and a cache management optimizing module; the data processing module divides all state parameter data acquired by the OPS computer terminal into reference data and data to be analyzed through sampling with different frequencies, the characteristic analysis module carries out curve fitting on the reference data and the data to be analyzed, calculates a data characteristic deviation rate between each data to be analyzed and the reference data, the sampling frequency adjustment module calculates a sampling frequency correction value of each state parameter and carries out optimization adjustment on the sampling frequency of each state parameter, and the cache management "
CN-116741347-B,A pathological image patches extraction and deep learning modeling method,"The invention relates to the technical field of computer-aided pathological diagnosis, and particularly discloses a pathological image patches extraction and deep learning modeling method, which comprises the following steps: step one: selecting a pathological WSI image, and randomly determining n Patches images as sampling centers by combining an attention mechanism; step two: randomly extracting k Patches adjacent to the central Patch in the neighborhood of the central Patch; step three: the n (k+1) pieces Patches are used as n Patch cluster input models for modeling, and the spatial structure relation between Patches can be effectively represented by using the center-neighbor cluster sampling method in the sampling process, and meanwhile, because the cluster sampling visual field range is wide, a plurality of large-scale pathological structures can be covered, and richer information can be represented."
US-2025289477-A1,Systems and Methods Related to Controlling Autonomous Vehicle(s),"Implementations process, using machine learning (ML) layer(s) of ML model(s), actor(s) from a past episode of locomotion of a vehicle and stream(s) in an environment of the vehicle during the past episode to forecast associated trajectories, for the vehicle and for each of the actor(s), with respect to a respective associated stream of the stream(s). Further, implementations process, using a stream connection function, the associated trajectories to forecast a plurality of associated trajectories, for the vehicle and each of the actor(s), with respect to each of the stream(s). Moreover, implementations iterate between using the ML layer(s) and the stream connection function to update the associated trajectories for the vehicle and each of the actor(s). Implementations subsequently use the ML layer(s) in controlling an AV."
CN-114691195-A,A Code Cloning Detection Method Based on Event Embedding and Event Dependency Graph,"The invention belongs to the technical field of code detection, and discloses a code clone detection method based on event embedding and an event dependency graph, which comprises the following steps: establishing a code clone detection model based on event embedding, an event dependency graph and a neural network; and inputting the target source code into a code clone detection model for detection to obtain a clone detection result. The invention solves the problems that the prior art does not consider the dynamic characteristics of programs, limits the capability of detecting semantic similarity and lacks more accurate and efficient detection capability."
CN-2168325-Y,Microcomputer anti-mis-locking monitoring device,"The utility model relates to a microcomputer anti-misoperation locking monitoring device in a power system, which is composed of a main control microcomputer 4, special interfaces 2, 5, 7, a remote control intelligent key 21, and a coded mechanical lock 20, from the generation and printing of the operation ticket to the operation ticket Execution and real-time display of system status are always carried out under the supervision of the switching operation expert system in the main control microcomputer 4. Only under correct conditions can the unlocking operation of the coding mechanism lock 20 be performed through the remote intelligent key 21, and the Chinese version of the device The unique software system also has management functions such as statistics and analysis of operating data. The utility model has strong adaptability, multiple functions, convenient installation and reliable use."
WO-2020157795-A1,"Test device, test method, and test program","A test device (100) tests a software platform (106) by executing, using the software platform (106), an application program (111) that performs a series of function call processes. A log acquisition unit (201) repeatedly executes the application program (111) a plurality of times, and acquires a trace log (113) including a plurality of tracing results obtained by tracing the series of function call processes. A log analysis unit (202) analyzes the trace log (113) and thereby estimates, as a variable attribute, each attribute that is represented by the arguments and the return value of a function called by the series of function call processes. A program generation unit (203) uses each variable attribute to generate a reproduction program (303) for reproducing the series of function call processes."
CN-114723674-A,An assisted screening system for glaucoma based on decoupled training and reasoning,"The invention provides a glaucoma auxiliary screening system based on decoupling training and reasoning, which comprises a control module, a fundus image acquisition module, a fundus image preprocessing module, a neural network reasoning module and an output module, wherein the control module is used for acquiring a fundus image; the fundus image acquisition module is used for acquiring a fundus image of a user; the fundus image preprocessing module is used for preprocessing the acquired fundus image; the neural network reasoning module is used for classifying and screening the fundus images; the output module is used for judging whether the user has glaucoma symptoms or not according to the classified screening result and giving a treatment suggestion; the control module is used for controlling the fundus image acquisition, the preprocessing, the classification screening and the result output of each module. The invention improves the mobility of the glaucoma screening system, meets t"
CN-202815822-U,A Searching Device for Maintaining Data Consistency,"An exploring device for data consistency maintenance is suitable for a data processing unit, and is used for maintaining consistency between high-speed caching of the data processing unit set equipment and internal data storage in an external main memory of the data processing unit. When a first main controller of the data processing unit set equipment is to update stored data of the external main memory, the first main controller issues a request address to the exploring device, the exploring device searches an updating address which is combined with the request address in the high-speed caching according to the request address so as to update the stored data of the high-speed caching, so that the consistency between the external main memory and the stored data in the high-speed caching can be maintained to prevent failed data being accessed in the high-speed cashing by a second main controller or other main controller in the data processing unit."
WO-2007130343-A3,Methods and apparatus for clustering templates in non-metric similarity spaces,"Clustering biometric templates is performed by determining fiduciary templates and cluster seed templates, both from a gallery of biometric templates. Similarity vectors are formed by comparing members of the cluster seed templates to the fiduciary templates. The gallery is then partitioned into clusters based upon the similarity vectors, and the clusters are populated from the remainder of the gallery. Partitioning may be performed by a classifier that implements a supervised machine learning algorithm that is trained with the similarity vectors, such as a multi-decision tree classification system. Matching may be accommodated by accessing a probe template, determining a cluster neighborhood for the probe template, and searching the cluster neighborhood to determine whether the gallery includes a match corresponding to the probe template. The same similarity metric is used both to partition a gallery into clusters, and in matching a probe template to the so-clustered gallery."
CN-121029544-A,Data center equipment fault prediction method and system based on machine learning,"The application provides a data center equipment fault prediction method and system based on machine learning, and relates to the technical field of intelligent operation and maintenance of data centers; the method comprises the steps of generating micro vibration through a piezoelectric actuator, obtaining an estimated value of the thickness of a scaling layer according to attenuation change of a feedback signal, taking multiphase bit stream data, health state indexes and the estimated value of the thickness as combined input, introducing a discriminator network into a generating network to conduct antagonistic training, generating reconstruction data which are difficult to distinguish from a normal state, calculating errors of the real reconstruction data and the reconstruction data, obtaining an abnormal fraction of the discriminator, judging fault evolution and predicting residual effective time when the error of the real reconstruction data and the error exceeds a historical data "
US-2023368610-A1,Ai wager odds adjuster,"A method of using artificial intelligence (AI) to assess and adjust the betting odds for live game wagers before they are presented to users based correlations between various parameters and user betting behavior, and to adjust the betting odds while the betting window is open based on how users are currently betting compared to expected user betting behavior."
CN-121121259-A,Xception-based SAR network target recognition method,"This invention relates to the field of target recognition technology, and more particularly to a target recognition method based on X-ception SAR networks. This invention combines 2D SAR images acquired by an unmanned aerial vehicle (UAV) platform with multiple convolutional neural network optimization strategies, including improved activation functions, channel-spatial attention mechanisms, and improved loss functions, to achieve accurate extraction of key target features and robust recognition under small sample conditions. It possesses advantages such as lightweight structure, strong adaptability, and ease of deployment, making it more suitable for complex traffic monitoring and safety identification scenarios with limited resources or high requirements for deployment flexibility. Furthermore, by incorporating transfer learning strategies, parameters are fine-tuned using a small amount of measured data on a pre-trained model, enabling rapid transfer of the model from the source doma"
CN-113407523-A,"Wind farm data processing method, device, equipment and storage medium","The embodiment of the invention discloses a wind field data processing method, a wind field data processing device, wind field data processing equipment and a storage medium. The method comprises the following steps: converting the initial wind field data into low-resolution gray scale data; inputting the low-resolution gray data into a super-resolution neural network to obtain high-resolution gray data; and acquiring target wind field data according to the high-resolution gray scale data. According to the wind field data processing method disclosed by the embodiment of the invention, the initial wind field data is converted into the low-resolution gray data, the low-resolution gray data is input into the super-resolution neural network, the high-resolution gray data is obtained, the target wind field data is obtained, the downscaling calculation of the wind field data can be realized without a super computer, the calculation amount of wind field data processing can be reduced, and the"
MX-2023010689-A,"SOFTWARE HOST CONSTRUCTION METHOD, SOFTWARE HOST CONSTRUCTION SYSTEM, SOFTWARE HOST AND SIMULATION DEVICE.","The present invention belongs to the automotive technical field, in particular to a software host construction method, a software host construction system, a software host and a simulation device. The software host construction method includes: performing, through a software platform, communication with external software in accordance with a communication method of the external software; and use the external software as a subsidiary software of the software platform to build the software host after the software platform communicates with the external software. It is noted that various industry software are subject to unified management through the software host, this industry software can be automatically run, stopped and configured, and the communication between these industry software can be automatically controlled to ensure that the co-simulation requirement depending on these software can be met effectively."
AU-2021282310-A1,Identification of effect pigments in a target coating,"The present invention refers to a computer-implemented method, the method comprising at least the following steps: 1) providing digital images and respective formulas for coating compositions with known pigments and/or pigment classes associated with the respective digital images, 2) classifying, using an image annotation tool, for each image each pixel, by visually reviewing the respective image pixel-wise, using at least one image segmentation technique and annotating each pixel with a pigment label and/or a pigment class label in alignment with the visual appearance and the formula associated with the respective image, 3) providing, for each image, an associated pixel wise annotated image, 4) training a first neural network (310), implemented and running on at least one computer processor, with the provided digital images as input and the associated pixel-wise annotated images as output wherein the first neural network (310) is trained to classify/correlate every pixel in a respecti"
US-2022260268-A1,Smart transducer plug and play control system and method,"A building management system includes a communications bus, field devices connected to the communications bus, a cloud service including a machine learning engine; and a controller for an HVAC device. The controller communicates with the communications bus and the cloud service and is configured to transmit messages through the communications bus to the field devices, compile a list of connected field devices, receive sample data from the connected field devices, and transmit the sample data from the connected field devices to the cloud service. The controller is further configured to receive identifying characteristics for each of the connected field devices from the cloud service and to select a control logic file for the HVAC device based on the identifying characteristics."
US-8171455-B2,Test sequencer and method for management and execution of sequence items,"A test sequencer software application and method for management and execution of sequence items. The test sequencer software application includes a management module and an execution module. The management module has capabilities of obtaining multiple sequence items definitions, of obtaining configuration information, of creating multiple lists of ordered sequence items from the sequence items definitions, and of separately linking each list of sequence items to one of multiple sequence engines from the configuration information. The execution module includes a sequencer controller module and the multiple sequence engines. The sequence controller module activates each of the multiple sequence engines in a preselected order and each sequence engine executes the ordered sequence items in each list linked to that sequence engine."
WO-2019240281-A1,"Image feature learning device, image feature learning method, image feature extraction device, image feature extraction method, and program","The purpose of the present invention is to enable learning of a neural network for extracting features of images having high robustness from an undiscriminating image region while minimizing the number of parameters of a pooling layer. A parameter learning unit 130 learns parameters of each layer in a convolutional neural network formed by including a fully convolution layer for performing convolution of an input image to output a feature tensor of the input image, a weighting matrix estimation layer for estimating a weighting matrix indicating a weighting of each element of the feature tensor, and a pooling layer for extracting a feature vector of the input image on the basis of the feature tensor and the weighting matrix. The parameter learning unit 130 learns the parameters such that a loss function value obtained by calculating a loss function expressed by using a distance between a first feature vector of a first image and a second feature vector of a second image which are releva"
CN-110457420-B,"Method, device, equipment and storage medium for identifying point of interest position","The present application relates to a method, device, computer-readable storage medium and computer equipment for identifying the location of a point of interest. The method includes: obtaining the location text and coordinates of the point of interest; performing semantic extraction on the location text of the point of interest to obtain the names of each first geographic element, and determining the subordinate relationship between the names of each first geographic element according to the spatial position relationship; obtaining the coordinates of the first geographic element; calculating the first distance between the point of interest and each first geographic element, and determining the location conflict feature between the point of interest and each first geographic element; calculating the second distance between each first geographic element, and determining the relationship conflict feature between the names of the first geographic elements; inputting the location conflict f"
CN-1100851-A,Radio program reception and transfer synchronous and asynchronous listening system,"Radio program receiving and transferring synchronous and asynchronous listening system belongs to the technical field of broadcasting and telecommunications networking. It consists of two parts: hardware and software. And stored in EPROM. This system can receive and transfer radio broadcasts, TV broadcasts, and cable broadcasts, and telephone users can listen to the desired broadcast at any time during the broadcast or within 24 hours after dialing the phone number corresponding to the broadcast program programme."
NO-963843-L,"Procedure for detecting traffic and detecting the traffic situation on roads, preferably motorways","The invention relates to a method for detecting traffic and traffic situations on roads (AS), preferred motorways. Appropriately arranged measuring points (target cross-sections MQ1, MQ2 ...) for vehicle detection and a traffic data processing device (VDVE) for traffic control are used to determine traffic data (VD) at regular intervals, such as vehicle speed (v), traffic volume (Q) and traffic density ), and specific traffic densities determined therefrom are generated in a traffic management system (VDA). Two nearby measuring points (MQi, MQ (i + l)) form a measurement section (MUST) with a given length (I). The following traffic parameters are generated from the traffic data (VD) for two such locations: a) the speed density difference (vk-D) calculated from the local traffic data for average speed (v) and traffic density (K); b) a trend factor (FT) that is continuously formed from the ratio of traffic volumes (Qi / Q (i + l)) for the first and second measurement points (MQi, MQ (i +"
CN-222300048-U,Multimedia artificial intelligent interface conversion device,"A multimedia artificial intelligence interface conversion device includes an artificial intelligence system on chip (AI SoC) and a high-speed peripheral component interconnect (PCIe) bus for executing communication between the AI SoC and a host. Therefore, the multimedia artificial intelligence conversion device disclosed in the utility model can display high-definition real-time images or compressed images through AI conversion to PCIe card without high-bandwidth Ethernet; when processing multiple channels of high-definition image data, it only needs to rearrange the frequencies of odd-numbered images and even-numbered images, or adjust the compressed data volume of the compressed signal, so as to transmit multiple channels of images."
CN-104802178-B,Elastic corrugated pipe single-acting cylinder-driven serial hinge framework manipulator,"The invention relates to an elastic bellows single-acting cylinder-driven series loose-leaf hinge skeleton manipulator. The manipulator is composed of a palm and two flexible fingers, or a palm and three flexible fingers; each flexible finger has the same structure and mainly consists of an elastic bellows Composed of a single-acting cylinder and a series loose-leaf hinge; a torsion spring is installed on each of the hinge mandrels of the series loose-leaf hinge. Single-acting cylinder drive generates gripping force. This manipulator is used for grasping fragile and brittle objects, or special-shaped objects with changing shapes and sizes, and belongs to the application technology field of robotics and mechatronics; it is connected with the robot body, and is especially suitable for grasping food, agricultural products, and light industrial products. Production and logistics areas such as picking, sorting and packaging."
CN-115063850-B,"Method and device for detecting abnormality of human face, processor and electronic device","The present application discloses a method and device for detecting facial anomalies, a processor, and an electronic device, relating to the field of artificial intelligence. The method comprises: obtaining a target image of a target face, wherein the target face is a face to be detected for facial anomalies in a monitoring system; inputting the target image into a deep learning target detection algorithm for anomaly detection processing to obtain an anomaly detection result for the target face, wherein the deep learning target detection algorithm is an algorithm constructed based on an initial target detection algorithm of deep learning, a target attention mechanism module, and a feature extraction module, and the feature extraction module is generated based on the spatial pyramid pooling structure in the initial target detection algorithm. This application solves the problem in the related art that the monitoring system using the face detection method has difficulty detecting abnorma"
IL-149227-A,Systems and methods for redirecting users attempting to access a network site,"Systems and methods for selectably controlling and customizing source access to a network, where the source is associated with a source computer, and wherein the source computer has transparent access to the network via a gateway device and no configuration software need be installed on the source computer to access the network. A user may be prevented access from a particular destination or site based upon the user&#39;s authorization while being permitted to access to other sites that the method and system deems accessible. The method and system can identify a source without that source&#39;s knowledge, and can access customizable access rights corresponding to that source in a source profile database. The source profile database can be a remote authentication dial-in user service (RADIUS) or a lightweight directory access protocol (LDAP) database. The method and system use source profiles within the source profile database to dynamically authorize source access to networks and desti"
CA-3068177-A1,Detection of manipulated images,"An apparatus (30) for detecting morphed or averaged images, wherein the morphed or averaged images are synthetically generated images comprising information from two or more different source images corresponding to two or more subjects. The apparatus comprises: a feature extraction module for receiving an input image (33) and outputting a set of descriptor feature(s) characteristic of the image; and a classifier module (36) configured to allocate the input image either to a first class indicating that the image has been morphed or averaged or a second class indicating that it has not been morphed or averaged, based on the descriptor feature(s). The feature extraction module comprises a plurality of neural networks (31, 32) providing complementary descriptor feature(s) to the classifier module. The apparatus further comprises a fusion module (35) for combining descriptor feature data from each neural network and transmitting the fused feature data to the classifier module. The classifie"
CN-115690827-B,"Fall monitoring model training and fall monitoring method, device, equipment and medium","This invention discloses a fall monitoring model training method, apparatus, device, and medium. The fall monitoring model training method includes: acquiring fall monitoring data, wherein each fall monitoring data point is assigned a corresponding fall action label; performing frequency domain filtering and time domain filtering on each fall monitoring data point to obtain frequency domain filtered data and time domain filtered data; using the frequency domain filtered data, time domain filtered data, and corresponding fall action labels as model training samples to train a preset fall monitoring model to obtain a target fall monitoring model. This embodiment solves the problems of poor performance when using time domain filtering alone and low efficiency due to data conversion in the frequency domain filtering process in existing technologies. It achieves the fusion of time domain data and frequency domain data, ensuring sufficient filtering of monitoring data, improving monitoring d"
EP-1255394-B1,Just-in-time user authentication in a digital home network,"A network has network nodes and a software system distributed over the network nodes within which, on first access to an access-protected object of the system, an authentication of the user is provided. The authentication is valid at least for a further access to an access-protected object. The duration of the validity of the authentication is dependent on the duration of access to the access-protected object and/or on the context of the use of the system."
EP-1236096-A1,Help system for a computer related application,"The subject invention is a help program or system (Fig. 1) having a number of user databases (Fig. 1) and a knowledge database (Fig. 1). The help program may be used in computer related application (Fig. 2), such as a software program or an E-commerce web site. The help program includes a natural language simulator (Fig. 1) which parses sentences submitted by user or customer (Fig. 1). The natural language simulator also converts a formulated response into natural language, e.g. complete sentences. A trainer (Fig. 1) is provided to prepare, update, and maintain the knowledge database by interacting with the help software program or by otherwise editing the knowledge database. Input to the help program from the trainer takes the form of lessons that result in a change to the knowledge database and queries that test the knowledge database."
US-2020147507-A1,Toy construction system for augmented reality,"A toy construction system comprising toy construction elements, comprising coupling means for releasably interconnecting the toy construction elements, one or more marker construction elements comprising such coupling means and each having a visual appearance recognizable by an image processing means, and a data processing system adapted to process a captured image of a toy construction model constructed from the toy construction elements to detect at least a presence of at least one of the marker construction elements within the captured image, and responsive to the detected marker construction element, generate a computer-generated image, wherein the marker construction element comprises a visually detectable feature and a movable element movable between a first and a second position, wherein the movable element, when positioned in the first position, causes the visually detectable feature to be visible and, when positioned in the second position, causes the visually detectable featu"
WO-2019157174-A1,Multi-resolution quantitative susceptibility mapping with magnetic resonance imaging,"Systems and methods for quantitative susceptibility mapping (&#34;QSM&#34;) using magnetic resonance imaging (&#34;MRI&#34;) are described. Localized magnetic field information is used when performing the inversion to compute quantitative susceptibility maps. The localized magnetic field information can include multi-resolution subvolumes obtained by segmenting, or dividing, a field shift map. In some instances, a trained machine learning algorithm, such as a trained neural network, can be implemented to convert the localized magnetic field information into quantitative susceptibility data. These local susceptibility maps can be combined to form a composite quantitative susceptibility map of the imaging volume."
TW-202022734-A,"Data processing method based on block chain smart contract, block chain system and smart contract compiler and computer equipment","A data processing method and system based on blockchain smart contracts are disclosed. In the embodiments of this specification, on the one hand, XML processing instructions are defined and added to the instruction set of the blockchain virtual machine, and at the same time, XML processing logic corresponding to the XML processing instructions is deployed in the blockchain virtual machine. On the other hand, it is also necessary to add the defined XML processing instructions to the instruction set of the smart contract compiler, so that the business smart contracts compiled by the smart contract compiler include XML processing instructions. In this way, if the business smart contract is deployed in the blockchain network, the user can specify to call the business smart contract to execute the business initiation transaction when constructing the business initiation transaction."
EP-4523215-A1,Adaptive neural network for nucelotide sequencing,"This disclosure describes methods, non-transitory computer readable media, and systems that can configure a field programmable gate array (FPGA) or other configurable processor to implement a neural network and train the neural network using the configurable processor by modifying certain network parameters of a subset of the neural network&#39;s layers. For instance, the disclosed systems can configure a configurable processor on a computing device to implement a base-calling-neural network (or other neural network) that includes different sets of layers. Based on a set of images of oligonucleotide clusters or other datasets, the neural network generates predicted classes, such as by generating nucleobase calls for oligonucleotide clusters. Based on the predicted classes, the disclosed systems subsequently modify certain network parameters for a subset of the neural network&#39;s layers, such by modifying parameters for a set of top layers."
CN-103593261-B,A Fast Recovery Method for Communication Fault in Interrupt Service Routine,"The invention discloses the quick recovery method of communication failure in a kind of interrupt service routine, the present invention is combined in interrupt service routine and carries out fault detect and recovery and in interrupt processing task, carry out fault detect and recover the advantage of two kinds of methods, by segmentation fault type be the fault affecting follow-up data process and only affect present instruction data processing, make full use of the time interval of two packets, the fault affecting follow-up data process processes in interrupt service routine, the fault only affecting present instruction data processing processes in interrupt processing task, decrease the number of times of task switch, shorten the time of whole data receiver, thus achieve the method that namely reception completes communication failure detection and recovery.The method of the present invention is applied in the goddess in the moon&#39;s No. three RS422 communication processs, to s"
CN-211554704-U,Integrated machine device for monitoring running state of rotating equipment,"The utility model relates to a rotary equipment monitoring technology aims at providing an all-in-one machine device that is used for rotary equipment running state to control. The device comprises a shell, wherein a data processing module, a signal input/output module, a data storage module, a display module, a communication module and a power supply module are arranged in the shell; the data processing module is respectively connected to each module through a signal wire, and the power supply module is used for supplying power to each component. The utility model discloses concentrate each functional module and settle in a shell, small, light in weight, low-power consumption, with low costs, simple to operate, human-computer interface operation friendly. The use cost can be greatly reduced, the working efficiency is improved, and the practicability is good. The method can be widely applied to general rotating equipment and has great applicability. The system has a local data storage "
CN-1121779-C,Application manager with variable management instruction set,"The invention relates to a data processing system or digital decoder (5) for processing data generated by at least one application (3), for example by means of television program packets, the data processing system or digital decoder comprising: a platform (1), a virtual machine (10) and an application manager (4) which, when executing an application, executes one or more variable management instruction sets (11) to run on the platform (1) and the virtual machine (10)."
US-11861733-B2,Expense report submission interface,"Techniques for expense report submission are disclosed. An expense report submission system receives, via a graphical user interface, a user query that corresponds to requesting whether a particular expense is allowed. The expense report submission system applies the user query to a machine learning model configured to evaluate data associated with expenses against one or more expense policy rules. The expense report submission system generates a response to the user query based at least on a result of applying the user query to the machine learning model. The response to the user query indicates whether the expense is allowed based at least on the expense reporting rule(s). The expense report submission system presents, in the graphical user interface, the response to the user query."
CN-118735446-A,Evaluation system based on BP neural network,"The invention provides an evaluation system based on a BP neural network, and relates to the technical field of evaluation algorithms. The evaluation system includes: the system comprises a personal module, a team module, an interview module, an evaluation module and a course module; the personal module is used for registering and inputting information of entrepreneurs and entrepreneur team; the team forming module is used for matching according to the entrepreneur information and the entrepreneur team position requirement information in the system and sending a matching result to the entrepreneur and the entrepreneur team; the interview module is used for interviewing by entrepreneurs and entrepreneur teams; the evaluation module is used for comprehensively evaluating team entrepreneur projects; the course module is used for providing course guidance; the evaluation system not only reduces the construction difficulty of the entrepreneur team, improves the construction efficiency of th"
CN-100468285-C,Method and apparatus for monitoring process performance,"Briefly, in accordance with one embodiment of the invention, a portable communication device has a processing unit and a monitoring unit. The monitoring unit monitors the performance of the software process while the process is being executed. If the process is performed inefficiently, the processing unit may change the power consumption of the portable communication device."
KR-101038364-B1,A method and device for intelligent failover in a load-balanced networking environment,"A hash table of network device drivers maintains data about traffic characteristics for each network interface (NIC) in the computing device. If one of the NICs of the computing device becomes unreliable, the cost function of the hash engine causes the software driver to initiate redistribution of network traffic among the trusted NICs remaining on that computing device. Using this hash engine, the software driver intelligently redirects each of the network connections on the untrusted NIC to a trusted NIC in the computing device in a way that optimizes the distribution of network traffic across the remaining trusted NICs. You can switch. Or, if the connection is moved from the old NIC to the new NIC, the software driver may detect this moved connection and offload the moved connection to the hardware offload engine on the new NIC. Using this approach, problems such as network interface offload and computing device performance degradation can be more easily avoided in the event of a ne"
EP-3456074-A1,Ue reported srs switching capability,"Methods, apparatuses, and computer software for UE reported sounding reference signal (SRS) switching capability are provided. A method may include receiving a request, from a base station, for a sounding reference signal (SRS) switching capability of a user equipment, wherein the request comprises a list of possible cells to be used by the user equipment for SRS transmission; determining, at the user equipment, the SRS switching capability of the user equipment based on the list of possible cells; and transmitting, from the user equipment to the base station, an indication of the SRS switching capability of the user equipment."
CN-113870259-B,"Multi-modal medical data fusion assessment method, device, equipment and storage medium","The application relates to the technical field of medical treatment, and discloses an assessment method, a device, equipment and a storage medium for multi-modal medical data fusion, wherein the method comprises the following steps: acquiring medical data to be evaluated of multiple modalities of a target object; respectively extracting the characteristics of the medical data to be evaluated of each mode to obtain a plurality of characteristic vectors, and fusing the characteristic vectors to obtain a fused characteristic vector; and inputting the fusion feature vector into the trained multi-mode fusion evaluation model to obtain an evaluation result output by the model. The system and the method have the advantages that the multi-mode medical data are subjected to feature extraction and feature fusion based on artificial intelligence, fusion feature vectors are obtained, the multi-mode fusion evaluation model is used for predicting and evaluating the disease remission degree of the ta"
JP-2006519684-A,Portable ultrasound unit and docking station,"A portable ultrasound unit and a docking cart for the unit are provided. When the portable unit is attached to the docking cart, the docking cart will be like improved ergonomics, ease of use, larger display format, external communication connectivity, multiple transducer connections, and improved data processing capabilities Convert portable units into a cart-based system with improved features and functionality. A clinician display and a patient display are provided on the cart. The communication circuitry in the docking cart is used to support communication between the docking cart processor and external networks and devices. The docking cart receives a physiological signal, such as a cardiac signal, and uses the information to synchronize the ultrasound imaging operation with the patient&#39;s physiological state."
CN-113721990-A,"Data processing method, data processing device, acceleration card and storage medium","The application relates to the field of data processing, and the data processing efficiency is effectively improved by sending first-class data which are originally processed by a processor in data processing equipment to a coprocessor in an accelerator card for processing, and sending second-class data to be subjected to accelerated calculation to an accelerator processor in the accelerator card for accelerated calculation. To a data processing method, a data processing apparatus, an accelerator card, and a storage medium, the method comprising: acquiring data to be processed, wherein the data to be processed comprises first-class data to be subjected to first-class processing and second-class data to be subjected to second-class processing; sending the data to be processed to an accelerator card so that a coprocessor in the accelerator card performs first-class processing on the first-class data, and an accelerator processor in the accelerator card performs second-class processing on"
EP-1622347-B1,Computer-piloted telephone exchange for management of telephone positions and/or workstations,"The telephone exchange comprises a commutation device (C) and a personal computer PC/(C) having the function of passing telephone traffic control and call routing and is equipped with a card (S) of the PCI type connected to the user positions and connected to or including a logical unit (L) acting as interface with a decoder (DEC), an encoder (COD) and a detector (R) of the status of the telephone lines and a card (S) by means of which the computer, under the control of a software installed therein:  sends to the commutation device (C), as soon as a signal signifying engagement of a line by a user is received from the detector (R), a command for commutation of the inner user line onto the input of the decoder (DEC) and of commutation of the output of the decoder (COD) onto one of the external lines, then, after receiving the signal for the called number outgoing from the decoder (DEC), sends to the input of the encoder (COD) a signal in binary code expressing the called number and the "
CN-119214609-A,Human physiological signal acquisition and analysis system in Internet of things environment,"The present invention discloses a human physiological signal collection and analysis system in an Internet of Things environment, and the operation method of the system includes the following steps: step one: multi-modal physiological signal collection; step two: intelligent prediction and early warning of physical health status; step three: enhancing the adaptability of the system through environmental perception function; step four: performing psychological health analysis on the user, the data collection module is used to comprehensively collect the physiological signals and psychological health indicators of the user; the intelligent analysis module is used to establish a prediction model using artificial intelligence and machine learning algorithms, analyze and predict multi-modal data, and give early warning of possible health risks; the user service module is used to provide personalized health advice and intervention measures according to the user&#39;s physical and mental heal"
CN-114281252-A,Virtualization method and device for non-volatile high-speed transmission bus NVMe device,"Embodiments of the present application provide a virtualization method and device for a non-volatile high-speed transmission bus NVMe device. The virtualization method includes: acquiring a device establishment request, and the device establishment request is used to establish a virtual machine corresponding to the NVMe device. Virtual NVMe device; determine the first input and output IO queue for establishing the virtual NVMe device, the first IO queue corresponds to the second IO queue in the NVMe device; based on the first IO queue and the device establishment request, establish in the virtual machine The virtual NVMe device corresponding to the NVMe device is used to realize the communication connection between the virtual machine and the NVMe device. The technical solution provided by this application can realize the direct communication of the IO queue between the virtual machine and the NVMe device through the established virtual NVMe device, thereby effectively improving the pe"
US-2016295341-A1,Method and apparatus for providing 3d audio,"Embodiments of the subject invention relate to a method and apparatus for virtualizing an audio file. The virtualized audio file can be presented to a user via, for example, ear-speakers or headphones, such that the user experiences a change in the user&#39;s perception of where the sound is coming from and/or 3D sound. Embodiments can utilize virtualization processing that is based on head rotated transfer functions (HRTF&#39;s) or other processing techniques that can alter where the user perceives the sounds of the music file to originate from. A specified embodiment provides Surround Sound virtualization with DTS Surround Sensations software. Embodiments can utilize the 2-channel audio transmitted to the headphones."
CN-110672718-B,Electromagnetic ultrasonic spot focusing/diverging surface wave method and device for rail tread detection,"An electromagnetic ultrasonic point focusing/diverging surface wave device for rapid online detection of a rail tread, comprising: the device comprises an electromagnetic ultrasonic point focusing/diverging surface wave probe, an impedance matching network, a pulse power amplifier, a signal generator, a preamplifier, a secondary filtering and amplifying circuit, a data acquisition card, a LabVIEW software detection interface, a motion controller and a mechanical walking/rotating device. The method can realize accurate quantitative detection of micro defects including inclined cracks and effective detection of crack inclination angles while realizing on-line automatic detection."
JP-2023507695-A,3D Intersection Structure Prediction for Autonomous Driving Applications,"In various examples, a three-dimensional (3D) intersection structure can be predicted based on processing two-dimensional (2D) input data using a deep neural network (DNN). To train the DNN to accurately predict the 3D intersection structure from the 2D input, the DNN first compares the 3D output of the -DNN after transformation to 2D space with the 2D ground truth data. It can be trained using a loss function and a second loss function that analyzes the DNN&#39;s 3D predictions considering one or more geometric constraints—e.g., using geometric knowledge of intersection points , can penalize predictions of DNNs that do not match the geometry of known intersections and/or road structures. As such, the live perception of autonomous or semi-autonomous vehicles can be used by DNNs to detect the 3D positions of intersection structures from 2D inputs."
CN-211742287-U,Device for scoring and teaching exercise and fitness postures,"The utility model discloses a device for scoring and teaching exercise and fitness postures. This device includes base, support frame, intelligent teaching system, display screen, shows screen connecting piece and power, the one end and the base fixed connection of support frame, its other end is connected with the one end that shows the screen connecting piece, shows the other end and the display screen fixed connection of screen connecting piece, and intelligent teaching system is connected with power, display screen electricity respectively, and wherein intelligent teaching system includes video acquisition device and raspberry group system, and raspberry group system and video acquisition device, raspberry group system editions have the convolutional neural network that has the degree of depth learning ability and has trained the completion and have the neural network model of three-dimensional reconstruction function. The utility model discloses a people of hobby motion provides i"
CN-113824550-B,"Data processing method, ciphertext computing platform and plaintext and ciphertext hybrid computing system","The embodiment of the invention provides a data processing method, a ciphertext computing platform and a plaintext and ciphertext mixed computing system, which are used for aggregating attribute arrays corresponding to a sample set according to box arrays corresponding to the sample set, wherein a first data party holds the box arrays, a second data party holds the attribute arrays, the method can be applied to the ciphertext computing platform, and comprises the following steps: receiving a sequencing vector uploaded by a first data party in a ciphertext mode and a position vector uploaded in a plaintext mode; the sorting vector and the position vector are obtained by the first data side sorting the boxed array based on the boxes corresponding to the elements in the boxed array; receiving an attribute array uploaded by a second data party in a ciphertext mode; and carrying out safety calculation on the attribute array according to the sorting vector and the position vector to obtain a"
BG-113910-A,SENSOR METHOD FOR DETERMINING THE DEFORMATION STATUS OF INHOMOGENEOUS STRUCTURES,"Sensor method for determining the deformation status of inhomogeneous structures, in which a cylindrical vertical capacity (2) of suitably large length and diameter is formed in advance in the solid material (1). Then its opening is hermetically closed with a plug (3), through which two air ducts are passed - the first (4) and the second (5). The outer part of the first air duct (4) is connected to the atmosphere through an air filter (6) of particles, and the inner part is placed in the capacity (2) close to the plug (3). The outer part of the second air duct (5) is connected to a sensor counter (7) of micro- and nano-particles, the registration of which is carried out by laser spectrometry. It requires that the particles are constantly removed from the capacity (2) by a vacuum pump (8) with controllable speeds. With an electronic timer (9) at certain intervals of time, the pump (8) is switched on to function for a duration of 1.0 minute at minimum speeds. With a microcontroller (10) "
US-2011154285-A1,Integrated management apparatus and method for embedded software development tools,"Provided is an integrated management apparatus and method for embedded software development tools, which can support all the development tools used in the process of developing embedded software under a single environment, and provide a developer with a development environment optimized to development work through the support of an integrated project and an integrated tool user interface (UI) on the basis of a development environment type. Thus, it is possible to increase efficiency of the embedded software development work."
CN-108763931-A,Vulnerability Detection Method Based on Bi-LSTM and Text Similarity,"A kind of leak detection method based on Bi-LSTM and text similarity, text file is sliced by sensitivity function to obtain code segment, code segment is handled to obtain word to generate the dictionary for forming text vector by segmentation methods, term vector dictionary is converted the text to by dictionary and is used as training sample to be trained Bi-LSTM models, to obtain the Textuality feature and model parameter of loophole, the loophole that source code to be measured is carried out by finally obtained LSTM models judges.The present invention is based on the deep learnings of static analysis to excavate loophole method, it need not carry out complex environment configuration and code compilation, directly source code analyze and model can be updated according to existing code, software engineer is not needed compared to traditional approach to modify, detection speed can be improved, and the mode of existing natural language processing (NLP) is applied in bug excavation, "
CN-113313737-B,A method and device for counting insects in an insect trap based on computer vision,"The invention relates to a method for counting insects, in particular to a method for counting insects in an insect trap bottle based on computer vision. The counting method includes the following steps: acquiring images, processing images and counting insects. The insect counting method does not need to kill the insects, but can count the number of insects in real time, and the process does not require manual intervention, which can save time and effort; through the mutual confirmation of the direction information of the insects and the current position information, it can be judged whether it is The same insect, thereby avoiding the occurrence of omission and misrecording, can effectively improve the accuracy of counting results; solve the time-consuming and laborious problems of existing counting methods, and are prone to misrecording and omission."
JP-2001265581-A,System and method for preventing illegal use of software,"PROBLEM TO BE SOLVED: To prevent the illegal use of software. SOLUTION: Key information concerning device ID characteristic to a device, which is recorded in a part of the device, is read and the device ID is collated with the device ID of a using-licensed device embedded in the software code of the software. Based on this collating result, the propriety of using the software is judged."
CN-113232751-B,Artificial intelligence handling device,"The invention belongs to the technical field of handling devices, and in particular relates to an artificial intelligence handling device, comprising a vehicle body with a built-in central controller and a battery, a fixing mechanism at the upper end of the vehicle body, and air pumps on both front and rear sides of the vehicle body, The two air pumps are both connected to the fixing mechanism through pipes, and the battery and the two air pumps are both electrically connected to the central controller. The present invention has a novel structure and ingenious design, and can adsorb and fix the goods on the vehicle body to prevent the goods from being transported during transportation. to prevent the cargo from being damaged."
WO-03025554-A3,Method quantitative video-microscopy and associated system and computer software program product,"A method of determining an amount of at least one molecular specie comprising a sample is provided, each molecular specie being indicated by a dye. The amount of the molecular specie is determined from an image of the sample captured as image data by a color image acquisition device in a video-microscopy system. An optical density of the sample is first determined in each of a red, green, and blue channel at a particular pixel in the image. A corresponding optical density matrix is thereafter formed for that pixel. The optical density matrix is then multiplied by the inverse of a relative absorption coefficient matrix so as to form a resultant matrix for the pixel. The relative absorption coefficient matrix comprises a relative absorption coefficient for each dye, independently of the sample, in each of the red, green, and blue channels. The resultant matrix thus comprises the amount of each molecular specie, as indicated by the respective dye, for that pixel. Associated systems and co"
US-2021232716-A1,Variational modeling method and system for editing of geometric objects,"A method of automatically identifying a network of geometries is performed on a data processing system. The method includes receiving one or more geometries having all or part of a network of geometries; recognizing adjacent tangencies to automatically identify another geometry in the network, or to determine that each geometry is connected to its neighbor through adjacent tangencies; repeating the recognition step until all geometries forming the network of geometries have been determined; and labelling the identified network as a slotdog."
EP-1903482-A3,Data processing based on data linking elements,"A computer controlled method for automatically analyzing an ensemble of data. The method starts by acquiring an ensemble of data and data is segmented by identifying a first subset of Linking Data Elements based on a repository of Linking Data Elements, identifying a second subset of sequences of Information Carrying Data Elements wherein the sequences are linked by the Linking Data Elements, and providing subsets in a structured format"
CN-106817263-A,A University Geographic Information Management Service System Based on the Internet of Things,"The invention discloses a university geographic information management service system based on the Internet of Things, which includes a headquarters management server, a network communication module, several branch management servers and several high-efficiency geographic information servers. The headquarters management server includes a controller, a signal Transceiver and storage module, and the controller is bidirectionally connected to the storage module, the controller is in turn connected to the Internet of Things and several branch management servers with two-way signals through the signal transceiver and network communication module, and each branch management server passes The wireless communication module is respectively connected with several high-efficiency geographical information servers with two-way signals. The university geographic information management service system based on the Internet of Things, through the cooperation of several distributed management servers, w"
EP-4573526-A1,Adapting a machine learning model for determining intent of a person to pass through a door,"It is provided a method for adapting an intent model (20), being a machine learning, ML, model for determining intent of a person to pass through a door (15). The method is performed by an intent determiner (1). The method comprises: determining (40) that a physical environment outside a door has changed; increasing (42) a rate of training of the intent model (20), wherein the training is based on input features based on image data from an image capturing device (11) covering an area near the door (15); and applying (44) the intent model (20) for inferring when a person exhibits intent to pass through the door, based on image data from the image capturing device (11)."
US-2024119275-A1,Contrastive learning by dynamically selecting dropout ratios and locations based on reinforcement learning,"A method for contrastive learning by selecting dropout ratios and locations based on reinforcement learning includes receiving training data having a positive sample corresponding to a target and negative samples not corresponding to the target. A dropout policy for a neural network is produced based on the training data, where the dropout policy identifies at least one connection between neurons in the neural network to dropout. The training data is encoded, based on the dropout policy, to form embeddings, where the embeddings include multiple positive sample embeddings corresponding to the positive sample and multiple negative sample embedding corresponding to the negative samples."
WO-2010024907-A1,Systems and methods for compression transmission and decompression of video codecs,"Embodiments of this invention include mathematical methods to develop software and/or hardware implementations that use wavelet transforms (WT) to pre-process video frames that can then be compressed using a variety of codecs to produce compressed video frames. Such compressed video frames can then be transmitted, decompressed, post-processed using the post-processing methods disclosed in the invention and displayed in their original size and quality using software and/or hardware implementations of embodiments of the invention, thereby producing real-time high-quality reproduction of video sequences. Embodiments include computer devices and computer readable media to implement these methods."
DE-102004049952-A1,Device for switching on and / or switching off a data processing device,"The
The invention relates to a device (1) for a data processing device
(2), for example
a computer, a printer or the like, with a manual
to be operated
Switching element (4) for switching on and / or off, wherein the device
(1) about
a network (6) is connectable to a controller (8) thereby
in that the device (1) has an actuator element (20).
and a control device (10) controlling the actuator element (20).
characterized in that the control device (10) via the network (6) with the
Controller (8) is connectable and that the device (1) in such a way
in relation to the data processing device (2) can be arranged,
in that the switching element (4) of the data processing device (2) is actuated by the actuator element (20).
actuated
is."
CN-112395979-A,"Image-based health status identification method, device, device and storage medium","The present application discloses an image-based health state recognition method, device, equipment and storage medium, belonging to the field of artificial intelligence. The method trains an initial feature recognition model through a first training sample set to obtain a face feature recognition model; The training results of the facial feature recognition model, and based on the training results, the initial relationship recognition model is trained to obtain a feature relationship recognition model, and a correction matrix is generated based on the feature relationship recognition model; The image is recognized to obtain the facial features of the user; the facial features of the image to be recognized are corrected based on the correction matrix, and the health status of the user is recognized according to the correction result. In addition, this application also relates to blockchain technology, and the image to be recognized can be stored in the blockchain. The present applicati"
CN-119496555-A,Abnormal flow monitoring method for optical fiber communication network based on big data,"The application discloses an abnormal flow monitoring method of an optical fiber communication network based on big data, which comprises the steps of obtaining historical flow data of the optical fiber communication network, carrying out data processing and denoising on the obtained historical flow data of the optical fiber communication network, constructing a normal flow entropy value base line of the optical fiber communication network, setting a first threshold value and a second threshold value of entropy values, calculating the entropy value of the flow data of the optical fiber communication network at window time, and identifying and distinguishing abnormal flow and normal flow by judging whether the entropy value of the flow data of the optical fiber communication network exceeds the first threshold value or the second threshold value. The method for monitoring the abnormal flow of the optical fiber communication network based on the big data can accurately identify the abnor"
JP-H04260930-A,data processing equipment,"(57) [Summary] This bulletin contains application data before electronic filing, so abstract data is not recorded."
CN-205706547-U,An OBD power supply device with data processing function,"The utility model discloses a kind of OBD electric supply installation with data processing function, it is possible to effectively realize the data interaction between OBD and vehicle electronic device, and the function of vehicle electronic device electric energy is provided.A kind of OBD electric supply installation with data processing function that this utility model provides, including: data processing unit (3), transceiver (2) and Power Management Unit (5) are electrically connected with described data processing unit (3) respectively；OBD input interface (1) is electrically connected with described transceiver (2) and described Power Management Unit (5) respectively；Output interface (6) is electrically connected with described data processing unit (3) and described Power Management Unit (5) respectively；Wherein, described OBD input interface (1) is electrically connected with OBD, and described OBD input interface (1) is electrically connected with Power Management Unit (5)."
ES-2297072-T3,"SOFTWARE ADMINISTRATION IN AN APPLICATION SERVICES PROVIDER SCENARIO, THROUGH CONFIGURATION DIRECTIVES.","A method implemented by computer, to provide software administration services for a set of nodes (560) through an application service provider scenario (100), the method comprising: receiving indications of configuration directives to be associated with one or more nodes (560) in the set of nodes, through an application service provider scenario (100), and modify a data storage (1032) depending on the indications, the nodes (560) being provided behind a firewall; install a remote deployment utility behind the firewall; and based on communications initiated by one or more nodes (560) to a server, maintained by an application service provider that is located external to the firewall, implement the configuration directives on the nodes (560), according to the information of the configuration directive in the data storage (1032), where the configuration directives indicate software supported by the remote deployment utility, to be installed in the nodes (560), over a network."
US-2003163790-A1,"Solution data edit processing apparatus and method, and automatic summarization processing apparatus and method","The present invention achieves edit processing which enables a user to freely edit solution data that becomes supervised data when processing automatic summarization using machine learning, and achieves summarization processing specialized for the user using the solution data. A user&#39;s evaluation of the summary produced by automatic processing of a text is created, and case data using the text and the summary as a problem and the input evaluation as a solution is stored. A solution and feature-set pair is extracted from the stored cases, and learning result of what solution is apt to be produced at what feature is stored. Thereafter a summary-candidate is generated from the processing target text, a feature-set is extracted from the text and summary-candidate, a summary-candidate and estimated-solution pair is generated by estimating a feature-set referring to the stored learning result, and the summary-candidate pair is used as a summary."
JP-2020519396-A,How to detect sensor data,"The present invention comprises a. At least one sensor (4) attached to a human body segment (8), b. At least one sensor (4) sends a signal containing the measurement data and the individual sensor identification to the electronic data processing device (6), c. The electronic data processing device (6) determines the body segment (8) on which the sensor (4) is or should be arranged and determines the measured data of the at least one sensor (4) on the body segment (8). Including how to assign to."
CN-215815100-U,Embedded accurate elevator advertisement putting device based on internet of things information safety,"The utility model discloses an embedded elevator advertisement accurate launching device based on information safety of the Internet of things, which comprises an advertisement box, a display assembly, a plurality of movable shafts and a plurality of advertisement pages, wherein the movable shafts are rotatably connected between two side plates, the movable shafts are in an M-shaped structure and rotatably connected between the two side plates, the movable shafts and the driven shafts are sequentially wound with advertisement cloth in an M-shaped manner in an end-to-end manner, the advertisement cloth is sequentially wound to the movable shafts and the movable shafts in an M-shaped structure and fixedly installed in an end-to-end manner, and meanwhile, when four movable shafts are arranged, an advertisement page is formed between the movable shafts and the driven shaft right above the movable shafts, and three advertisement pages are formed between the four movable shafts, so that when"
CN-105047134-A,"LED light board, light board module and LED display control system","The invention relates to an LED lamp board, a lamp board module and an LED display control system. The LED display control system includes: a sending card, a receiving card and a plurality of lamp board modules. At least one LED lamp board in each lamp board module includes: a circuit board and an LED driving circuit arranged on the circuit board, a plurality of color LED lamp points and a data processing and control signal generating unit. The data processing and control signal generation unit is electrically connected to the LED drive circuit and the receiving card, and is used to receive the data packet from the receiving card through a single port, analyze the image data according to the data packet and generate a control signal, and output the image data and control signal to The LED drive circuit drives and controls the multiple color LED lamp points for image display. In the present invention, the data processing and control signal generation unit is responsible for the specific"
CN-117851908-B,An improved method and device for monitoring inaccuracy of electric energy meters in online low-voltage areas,"The present invention discloses an improved online low-voltage area electric energy meter misalignment monitoring method and device, comprising the following steps: S1, determining the area that can be monitored; S2, obtaining user data of the area that can be monitored, and preprocessing the user data; S3, constructing an improved energy conservation equation group based on the preprocessed user data, and performing electric energy meter misalignment monitoring. The present invention uses an improved data processing method, solution algorithm and strategy to solve the problem of electric energy meter misalignment monitoring, and has high practicality and strong generalization performance."
CN-114066852-A,A small sample defect identification method based on deep learning,"The invention discloses a small sample defect identification method based on deep learning, which comprises the following steps: small sample data enhancement: data enhancement is carried out by utilizing a digital image processing method and a method for generating a countermeasure network; inputting the enhanced data into a migration deep learning model feature extractor, and training a new classification structure to obtain a migration deep learning model set; inputting test data into a migration deep learning model, performing model fusion by using a Voting model fusion mode, and Voting according to a minority-obeying majority principle, so as to obtain a defect identification result; the deep learning model DAGAN is used for data enhancement by utilizing the fusion thought and combination of the deep learning models, only a small amount of samples can be used for the deep learning identification model, and higher accuracy can be achieved."
CN-108366058-A,"Method, device, equipment and storage medium for preventing traffic hijacking of advertising operators","The invention discloses a method, device, equipment and storage medium for preventing traffic hijacking of advertising operators. The method includes: obtaining the current HTTP access request sent by the client, the current HTTP access request includes the URL to be accessed; based on the current HTTP access request, obtaining the original access web page corresponding to the URL to be accessed, the original access web page includes the original DOM tree; adopting anti-hijacking The software development kit performs anti-hijacking processing on the original DOM tree to obtain the corresponding target DOM tree; based on the target DOM tree, obtains the corresponding target access web page; sends the target access web page to the client, so that the client displays the target access web page. This method can make the target access webpage rendered by the target DOM tree not display the webpage resource information inserted by the advertising operator, but only display the normal webpage"
WO-2010042452-A3,Machine learning for transliteration,"Methods, systems, and apparatus, including computer program products, for automatically identifying transliteration pairs are disclosed. In one implementation, a method is provided. The method includes receiving a plurality of resources, the plurality of resources including a plurality of anchor text; determining one or more potential transliterations from the plurality of anchor text; and identifying one or more potential transliteration pairs from the one or more potential transliterations, where each potential transliteration pair includes a first anchor text in a first writing system and a second anchor text in a second writing system, the second anchor text and the first anchor text identifying a same resource or location."
WO-2009071887-A1,Controlling the operating speed of a processor,"Disclosed is a data processing apparatus and a method of controlling the speed of operation of a processor of a data processing apparatus in accordance with the condition of a data buffer of the data processing apparatus, such that the speed of operation of the processor can be increased when necessary to achieve or maintain a desired level of performance, and can be reduced when appropriate to reduce the power consumption of the data processing apparatus."
US-4771791-A,Apparatus for storing and displaying body temperature,A fertility determining apparatus for storing and displaying a measured basal body temperature of a woman and a calendar/clock for generating digital signals representing dates and time. There are separate memory units in the apparatus for storing measured temperature data and data from the calendar/clock. A data processing unit in the apparatus functions to determine whether or not the woman is in a fertile period based upon data stored within the apparatus and the corresponding basal temperature.
CN-119414924-A,Tax information consulting all-in-one machine with adjusting structure,"The application relates to the technical field of digital computing equipment or data processing methods, in particular to a tax information consultation integrated machine with an adjusting structure, which comprises a working device, an adjusting device and a control device, wherein a conventional working assembly, a first auxiliary working assembly and a second auxiliary working assembly are arranged in the working device, the first auxiliary working assembly is used for providing auxiliary operation for people with dysaudia, the second auxiliary working assembly is used for providing auxiliary operation for people with dysaudia, and the adjusting device and the control device are both connected with the working device. The application solves the problem that the service can not be effectively provided for special crowd in the prior art."
US-2008134162-A1,Methods and Systems For Delivering Software,"Methods and systems for software delivery are described. In one embodiment, an extension definition catalog structure is defined and can be used to select one or more software extensions for incorporation on a computing device. At least one software extension is identified using a uniform resource name and, for the one software extension, at least one instance of the software extension is identified using a uniform resource name. For the one instance of the software extension, a uniform resource locator can be used to select the instance."
JP-H09147046-A,Bar code data processing method,"(57) [Abstract] [PROBLEMS] To calibrate the reflectance of a bar and a space when a barcode is actually scanned to compensate for a mismatch with the standard reflectance value. The method receives reflected light from a bar code, generates an electrical signal representative of amplitude, is sampled at a predetermined data rate, and generates a series of samples for storage in memory. This stored series of samples contains a label space value (LSA). The sample also includes a label bar value (LBA) that includes the large bar value and the small bar value and is decoded. Label space reflectance is (LSR)   Is determined by dividing the product of the calibration space reflectance (CSR) and the label space value (LSA) by the calibration space average (CSA)."
US-2022076165-A1,Systems and methods for automating data science machine learning analytical workflows,Systems and methods for automating data science machine learning using analytical workflows are disclosed that provide for user interaction and iterative analysis including automated suggestions based on at least one analysis of a dataset.
CN-119939651-B,A method and device for desensitizing intelligent connected vehicle data based on machine learning,The present invention discloses a method and device for desensitizing intelligent connected vehicle data based on machine learning. The method comprises: collecting raw vehicle information data; identifying sensitive information in the raw data based on pre-set rules to obtain sensitive data; constructing a desensitization strategy based on the sensitive data; constructing a target data set based on the desensitization strategy; and training an initial data desensitization model based on the target data set to obtain a target data desensitization model; wherein the target data desensitization model is used to desensitize intelligent connected vehicle data. The present invention can improve the performance and effectiveness of data desensitization and can be widely applied in the field of data desensitization technology.
CN-209055157-U,A kind of hotting mask voltage-type air flow sensor,"The utility model relates to a kind of hotting mask voltage-type air flow sensor, it include shell, described shell one end is connected with the docking apparatus to draw electric signal for being connected to its inside, it is characterized by: the other end of the opposite connection docking apparatus of the shell is equipped with wiring board installation cavity, the wiring board installation cavity is open at one end and opening is connected with upper cover, wiring board is installed in the wiring board installation cavity, the wiring board is electrically connected close to one end of docking apparatus with docking apparatus, the other end offers air inlet, wiring board installation cavity is provided with the connecting plate for protruding from wiring board installation cavity close to air inlet in the other end for being oppositely arranged opening, plane locating for the connecting plate is lower than plane locating for wiring board installation cavity, air outlet is formed "
CN-114998890-B,A 3D Point Cloud Target Detection Algorithm Based on Graph Neural Network,"The present invention is a three-dimensional point cloud target detection algorithm based on a graph neural network, which belongs to the technical field of target detection; including step S1, obtaining a point cloud data set; step S2, completing the construction of a point cloud semantic map; step S3, through local pooling Simplify the graph structure and complete feature extraction; step S4, perform graph reconstruction, and input the reconstructed semantic graph into the hole graph convolution module; step S5, splicing the weighted features and the features of step S3 for use in step S7; step S6, Global pooling selects the method of maximum pooling and sum pooling to obtain the global feature vector; step S7, after splicing and computing the point cloud features and graph features obtained in steps S5 and S6, input them to the classification and positioning branch to predict the target category, draw a 3D detection frame; Step S8, calculate the loss, converge with the gradient desc"
US-8782212-B2,Detecting whether components are functioning together according to an operating hybrid solution,"A method and apparatus for identifying operating hybrid solutions is provided. An operating hybrid solution includes a combination of hardware and software components operating together for a particular purpose, such as to provide particular functionality. In various embodiments, mappings are stored to associate operating hybrid solutions with operating criteria that describe devices when the devices are operating according to the operating hybrid solutions. During operation of a device, a monitoring process uses the mappings to determine whether the device is operating as part of an operating hybrid solution. The monitoring process stores an indication of whether the device is operating as part of the operating hybrid solution, and the indication may be provided in response to a request for operating hybrid solution information associated with the device."
CN-113733506-A,A process parameter optimization method for injection molding product processing based on Internet,"The invention discloses a process parameter optimization method for injection molding product processing based on the Internet, comprising the following steps: establishing an injection molding product processing cloud database for storing the optimal process parameters for various types of injection molding machines; collecting qualified products processed by the injection molding machine in real time The process parameters are transferred to the cloud database; based on the principle of energy consumption priority, the process parameters with the lowest energy consumption are stored in the cloud database as the optimal process parameters; when the energy consumption of the new process parameters is lower than the optimal process in the cloud database When the energy consumption of the parameters is determined, the new process parameters are used as the optimal process parameters; when processing new injection products, log in the cloud parameter optimization simulation software syste"
KR-100277386-B1,Calculator and data processor with parallel computing,"In a RISC processor, multiple operations are executed in one machine cycle without increasing the code size and the hardware complexity, thereby improving performance.
     
     
      It is possible to execute N instructions with short instruction length that indicates a single operation, or to execute instructions with long instruction length that indicates M (N &lt;M) operations, and to perform long instructions when the number of operations that can be executed in parallel is large. Use small commands when small. In addition, contention between long instructions is detected by software, and only contention between short instructions is detected by hardware.
     
     
      Performance can be improved by improving the machine cycle by facilitating hardware, improving the code cache hit rate by reducing the code size, and improving the number of operations that can be executed in parallel."
WO-9726724-A3,Mobile and wireless information dissemination system; architecture and protocols,"A,  device for implementing a multimedia communication dissemination system (20) is disclosed herein. The communication system (20) integrates heterogeneous satellite transmission systems, local area computer networks (32), and the public telephone system to implement a flexible, high-speed communication system. The preferred communication dissemination system (20) includes a broadcast server (22) for broadcasting an information signal (40), a mobile base station (26) for receiving the information signal broadcast (40) from the broadcast server (26), and a local area network (32) for distributing information received by the mobile base station (26). The preferred mobile base station (26) includes a receiver for receiving information signals (40) transmitted from a broadcast server (22), a network interface (32) for distributing processed information signals, and a software proxy process (39) for processing information signals. A software proxy process (39) controls the dissemination of"
US-5655412-A,Machine tool free of jerks and vibrations caused by the newtonian reaction forces,"A prime mover for a rotatable member supported for rotation in a single plane on a stationary base is provided wherein reaction torque applied to the base due to powering such rotation is greatly reduced. At least one gyroscopic mass in a gimbal support is mounted to the rotatable member, with an axis of rotation of the gyroscopic mass being generally parallel to the plane of movement of the member. A force is applied, as by a solenoid, to the gimbal in a direction normal to the plane of rotation so as to cause precession of the gyroscopic mass, thereby rotating the rotatable member. Applications of the invention include robotics and machine tools, where the rotatable member may be a swinging arm robot having a tool affixed to an end thereof, or a rotary table to which a workpiece is mounted."
CN-109214904-B,"Method, device, computer equipment and storage medium for obtaining clues of financial fraud","The present application relates to a method, device, computer equipment and storage medium for obtaining clues of financial fraud. The method comprises: obtaining a financial fraud clue label, and determining the fraud interval of the financial indicator corresponding to the financial fraud clue label; obtaining the first financial data of the enterprise to be identified; obtaining the financial indicator value of the financial fraud clue label according to the first financial data; when the financial indicator value is in the corresponding fraud interval of the financial fraud clue label, the enterprise to be identified is determined as a financial fraud risk enterprise, and the financial fraud clue label is determined as a financial fraud clue. This method realizes the acquisition of financial fraud clues based on big data processing technology, which can avoid over-reliance on the subjective experience of experts, improve the reliability of judgments on the fraud of corporate financ"
JP-H05197773-A,Time chart creation device,"(57) [Abstract] [Purpose] In a time chart creation device, a time chart with good editing work can be created while checking the reference signal without rearranging the signals when creating the time chart. Providing a device for creating [Configuration] Input device 1 for inputting commands, input unit 2,   A data processing unit 3 for executing an input command and performing time chart data creation processing and display processing; a time chart storage unit 4 for storing the created time chart data;   A display pointer storage unit 5 for storing a display start record number of data to be displayed on the display device 7, and a reference signal storage for storing a signal name of a reference signal referred to by a user on the screen and a display position thereof. Part 8, messages to users and time chart   It is composed of an output unit 6 for displaying a display and a display device 7. When the reference signal is set from the input device 1, the display device 7 secures th"
EP-0010135-A1,Microprogrammed input/output controller and method for input/output operations,"The invention relates to a microprogram-controlled input / output device (I / O) and to a method for performing input / output operations. In the input  /  output device, microprocessors (AVP, DVP) share the processing of the individual functions during input  /  output transfer. An order management processor (AVP) takes over the system functions, ie in particular the control of the interface to the main memory (MM) of the data processing system. Upon request by the central processing device (CPU), it transfers the output parameters and the first commands of an addressed channel program from the main memory (MM) to a local memory (LS) and activates a data management processor (DVP). This takes over the functions for controlling the interface to the periphery. To do this, it reads the first channel command from the local memory (LS) and handles the data traffic in cooperation with controllers of the input / output channels (CH1 ... CHn). During the preparation of a new channel command, "
CN-111950892-B,A data-driven prediction and intervention method for college students&#39; personalized learning behavior,"The invention discloses a data-driven personalized learning behavior prediction and intervention method for college students, which includes: collecting the daily campus activity data of college students, forming a standard data set reflecting the daily learning behavior process of college students, and using a spatio-temporal graph neural network model to self-adapt Learning methods Obtain daily learning behavior habits; use habit models to predict daily learning behaviors, establish parameter relationships between habits and learning behavior activities; carry out continuous monitoring of daily learning activities, and build multiple regression analysis models based on actual data measurement and model prediction results , optimize the habit model; set the habit-related behavior intensity threshold, build a three-level behavior intervention model, and form a data-driven continuous regression intervention mechanism through data measurement and regression analysis of the intervention p"
US-2005119927-A1,Accounting for traveling time within scheduling software,"A method for scheduling meetings within a scheduling application can include the step of identifying a meeting location and a meeting time for a meeting. An origination location can be determined for at least one meeting participant. Travel time for the participant can be automatically computed based at least in part upon the meeting location and the origination location. A time that is based at least in part upon the computed travel time can be presented within the scheduling application. For example, a suggested departure time can be computed and presented within the scheduling application, where the suggested departure time is based upon travel time and meeting time."
GB-2571530-A,An image processing method and an image processing system,"An image processing method S200 for recognising characters in an image comprises performing recognition of a first group of characters of a first region of the image S210, and calculating a confidence measure S220 of the first group of characters to determine if further recognition is to be performed S230. If it is determined that further recognition is to be performed, a second region of the image that includes the first region is selected S240, and further recognition of a second group of characters corresponding to the second region is performed S250. The further recognition of the second group of characters may use a pre-trained neural network. An image processing system configured to perform the method S200 includes a first character recognition unit (Fig.1, 121), a measuring unit (Fig.1, 131), a determination unit (Fig.1, 132), a selection unit (Fig.1, 133) and a second character recognition unit (Fig.1, 122). Recognition of the first group of characters may comprise matrix match"
DE-102021122253-B3,INSTRUMENT FOR AUTONOMOUS EXECUTION OF TEST SEQUENCES ACCORDING TO JTAG STANDARD,"The invention relates to a device for the autonomous provision of test sequences for a JTAG interface (31) from specified different test objects (3).  The task of finding a new way of executing test sequences according to the IEEE standard, which does not require additional adjustments to the infrastructure and is independent of test station specifics with regard to computer operating systems and software interfaces of the test objects (3), is solved according to the invention by using a compact test instrument (1 ) a JTAG controller (12) and an embedded test computer (11), which includes an operating system and basic software for the autonomous configuration and commissioning of the test instrument (1) and a web service interface, and has a network connection (15) for transmitting dedicated control commands, to form at least connections with an external test terminal (2) as a user interface and between the JTAG controller (12) and the embedded test computer (11), the test computer (11"
CN-114297378-B,"Text data processing method, device and storage medium","The embodiment of the present invention provides a text data processing method, device and storage medium, the method comprising: firstly extracting the first article vector of the training text by using a feature extraction model, and then training the classification model according to the first article vector and source information. Afterwards, according to the classification result output by the classification model, the model parameters of the feature extraction model are adjusted, thereby realizing the pre-training of the feature extraction model. Next, the second article vector of the training text is extracted according to the adjusted feature extraction model, and then the evaluation model is trained according to the second article vector and the evaluation information of the training text. By pre-training the feature extraction model, the feature extraction ability of the feature extraction model can be improved, so that it can extract the second article vector containing the "
CN-101839129-B,Isotope well-to-well liquid flow propelling automatic monitor,"The invention relates to an isotope well-to-well liquid flow propelling automatic monitor, comprising a probe and a main machine. The probe comprises a sodium iodide megacryst, a photomultiplier, a high-pressure generator and a drive circuit. The main machine comprises a PDA, a collection board circuit, a CPU mainboard circuit and a data processing circuit. The lower part of the rectangular probe is provided with an n-shaped rectangular slot, wherein a lead shielding layer is used as the liner of the n-shaped rectangular slot, and two horizontal bracings are arranged on bottom. A gama ray detected by the megacryst is amplified by the photomultiplier and transmitted to the main machine by the drive circuit; the photomultiplier works under high pressure generated by the high-pressure generator; signals are output to the main machine to finish detection, collection processing and control of 16 pulse amplitudes recorded by the probe with the sampling interval randomly set between 1min-24h;"
CN-117593426-A,Face pose generation method,"The present application provides a method for generating facial gestures, which relates to the technical field of computer vision. The method includes: obtaining a driving voice and a driving text corresponding to the driving voice, where the driving text includes a plurality of phoneme segments; and combining the driving voice and the driving text. The driving text input key point detection model obtains multiple face key points corresponding to each phoneme segment output by the key point detection model; wherein the key point detection model is a preset model trained based on a training sample set For the obtained model, the training sample set includes: multi-frame training images, speech corresponding to the multi-frame training images, and phonemes corresponding to the multi-frame training images; rendering is performed based on the facial key points corresponding to each phoneme segment, Obtain the facial gesture corresponding to the driving voice. It can improve the richness an"
CN-120151022-A,Block chain-based data processing method and device for Internet of things,"The present invention provides a method and device for processing Internet of Things data based on blockchain, the method comprising: providing identity registration for entities attempting to join the blockchain based on a trusted institution; when a new edge server passes blockchain authentication, performing target processing on target Internet of Things data based on the new edge server, and performing validity verification on the processed Internet of Things data based on the blockchain network in a decentralized storage environment; the trusted institution in the blockchain and each edge server perform identity authentication for the new edge server based on the identity authentication mechanism of knowledge proof and dynamic pseudonym. The method of the present invention ensures that a node can prove the legitimacy of its identity without exposing any sensitive information through zero-knowledge proof, and provides strong privacy protection through dynamically generated pseudony"
CN-101676910-B,A Page Generation Method Oriented to Web Application System,"The invention discloses an automatic page generation method facing to Web application system. The method adopts Unified Modeling Language (UML) modeling technology and Extensive Makeup Language (XML) technology, and adopts FMDP model. The method includes steps of: generating a function model, an inner model, a database interface model and an expression model of the Web application system; generating system customized information based on the models, and concentrating in documents in format of XML to store in the system server terminal; and providing client subscriber a function of conveniently modifying the original customized information based on the customization needs. Customization of the Web application system is realized in the genuine meaning by the invention, and customized Web application system can be quickly generated by using the invention, and regulation of system demand can be realized on the premise of avoiding recompilation of the whole system, to improve the developmen"
US-2005076021-A1,Generic search engine framework,"One implementation provides a method that includes receiving a first identification of one of several knowledge bases of electronically stored content, receiving a second identification of one of several executable software applications for which user-initiated knowledge base content searching services will be provided for the identified one of the knowledge bases, and receiving a third identification of one of several different search engines to be used in performing index searches when a request for a search is received from the identified software application and the request is directed to the identified one of the several knowledge bases. Received identifications are stored for later access to determine which of the several search engines is to execute a request to perform an index search that is received from the identified one of the several software applications and which index search request is directed to the identified one of the several knowledge bases."
KR-101600498-B1,Design and manufacturing system and method for foot orthotic,"The present invention relates to a system and method for designing and manufacturing footwear shoes which can efficiently produce 3D CAD files of a foot orthodontic appliance conforming to the footwear shape or foot shape of an orderer according to the case-based reasoning of artificial intelligence, , A footwear hanger designing unit for intelligently customizing a footwear footwear using the footwear image received from the footwear image pickup unit and for generating a CAD file from the footwear footwear design unit And a footwear tennis ball manufacturing unit for allowing the 3D printer unit to manufacture a custom footwear tennis ball based on the footwear tennis ball CAD file received from the footwear tennis ball designing unit."
CN-110995475-A,A fault detection method for power communication network based on transfer learning,"The invention relates to a power communication network fault detection method based on transfer learning, which combines a convolutional neural network and transfer learning, integrates the characteristics of a plurality of trained local network models by utilizing the correlation between an actual network topology structure and an experimental network local network topology, and performs transfer parameter learning through a small amount of actual network fault samples to obtain an actual network fault diagnosis model, thereby realizing an available, accurate and comprehensive intelligent power communication network fault detection technology and expanding the applicability of the fault diagnosis technology. The invention innovatively combines the advantages of the convolutional neural network and the transfer learning method, fully utilizes the characteristic correlation between fault alarm data and the similarity of characteristics such as network node correlation degrees of differe"
CN-120461438-A,Palletizing robot path planning method based on multipath convolutional neural network,"The invention discloses a palletizing robot path planning method based on a multipath convolutional neural network, which relates to the technical field of convolutional neural networks, and adopts three source data of quality inspection report images, damaged videos and microscopic images, respectively extracts characteristics through parallel convolutional neural networks, generates a dynamic maximum curvature constraint value after fusion, and realizes path planning of material characteristic self-adaption. And screening nodes conforming to curvature constraint based on a Probability Roadmap (PRM) to generate a track, and monitoring vibration spectrum energy of the mechanical arm in real time. When the vibration exceeds the dynamic safety threshold, the follow-up path constraint is tightened in real time through the curvature penalty factor, the damage risk is reduced by 90%, a closed loop of material analysis, path generation, vibration feedback and parameter correction is establis"
US-6801218-B2,Method of modifying kitchen cabinet designs within cabinet design software to accommodate utilities,"A method for designing a kitchen which automatically transfers the utility locations and required clearances in a kitchen layout to a subsequent kitchen layout when the designer makes design changes. First, the method allows a designer to input the location and clearance requirements of a utility. Cabinets are placed over the utilities and then portions of the cabinets are removed to accommodate the clearance holes. When the designer makes changes to the cabinet design, the location of the utilities as well as their clearance requirements remain as part of the layout information. When subsequent cabinets are placed in the design, portions of those cabinets are removed to accommodate the utility clearance requirements inputted earlier."
WO-2024023555-A1,Managing communication network resources per user session based on user quality of experience (qoe),"Embodiments include methods for managing communication network resources based on end-user quality of experience (QoE). Such methods include collecting performance-related data from a RAN and a core network comprising the communication network, and correlating at least the collected performance-related data into a plurality of records corresponding to a plurality of user data sessions with the communication network. Such methods include training one or more artificial intelligence/machine learning (AI/ML) models based on the correlated data records. Each AI/ML model maps between network quality-of-service (QoS) metrics and service-specific QoE metrics. Such methods include configuring communication network resources to carry one or more second user data sessions, based on the trained AI/ML model and on QoE requirements of respective services comprising the second user data sessions. Configuring communication network resources can include, for example, enforcing service-specific policie"
CN-106648726-A,A method for online software upgrade of variable air volume air conditioner terminal equipment,"The title of the invention relates to an online software upgrade method for terminal equipment of a variable air volume air conditioner, which belongs to the technical field of refrigeration and air conditioning. Abstract The present invention relates to an online software upgrade method for terminal equipment of variable air volume air conditioners, which belongs to the technical field of refrigeration and air conditioning. The online software upgrade method of the air conditioner terminal equipment of the present invention includes the upgrade equipment and a plurality of variable air volume air conditioner terminal equipment connected through the bus. Software online upgrade instructions and upgrade programs, control the software online upgrade process of all VAV air conditioner terminal equipment; VAV air conditioner terminal equipment receives upgrade instructions, writes the upgrade program into the backup application area, and when receiving the restart command sent by the upgra"
EP-2017684-A1,System and method for handling a production disturbance/opportunity event in a production execution system,"The present invention discloses a system and a method for handling a production disturbance/opportunity event in a production execution system (MES), comprising: 
a) a network comprising a number of data processing units (MC, SC1, SC2, SC3) running a MES software for controlling and/or monitoring a production process operating a number of production components (K1 to K7); 
b) a production modeler (PM) within the MES software enabled to define a plant model of the production process; 
c) a production scheduler (PS) within the MES software enabled to generate an executable production schedule for the execution of operating procedures for the production components (K1 to K7) related to the plant model of the production process; 
d) a production executor (PE) within the MES software enabled to execute the production process following the generated executable production schedule; 
e) a production disturbance/opportunity event identifier (DOI) within the MES software being enabled to detect "
EP-0745943-A1,Method and system for providing device support for a plurality of operating systems,"The present invention facilitates construction of SCSI device support code so that it can be ported to multiple operating system environments. The present invention also allows support for a device to be coded only once, and yet be supported on multiple operating system environments. Accordingly, a method and system for supporting a plurality of devices utilized with a data processing system is disclosed. This method and system allows for a plurality of devices to be utilized on a plurality of operating system platforms. The method and system comprises receiving a request from a user for a particular device, formatting the request into at least one common packet and then providing the at least one common packet to each of the plurality of operating system platforms. In so doing, any of the plurality of operating system platforms can utilize the at least one common packet to provide a device driver for the particular device. In a system in accordance with the present invention, device s"
EP-1727090-A1,Method and system for digital decoding 3d stereoscopic video images,"MPEG-2 compatible stereoscopic 3D-video image digital decoding method and system, using its own coding algorithm. In order to obtain 3D-images from a digital video stream, modifications have been made to the current MPEG2 decoders, by means of software and hardware changes in different parts of the decoding process. Namely, the video_sequence structures of the video data stream are modified via software to include the necessary flags at the bit level of the image type in the TDVision® technology; the modifications are made in the decoding processes as well as in decoding the information via software and hardware, where a double output buffer is activated, a parallel and differences decoding selector is activated, the decompression process is executed, the corresponding output buffer is displayed; the decoder must be programmed via software to simultaneously receive and decode two independent program streams, each with an TDVision® stereoscopic identifier."
CN-114821498-A,A laser point cloud target detection and recognition device and method based on deep learning,"The invention relates to a laser point cloud target detection and identification device and method based on deep learning. The method includes the following steps: 1) a data acquisition module collects laser point cloud data; 2) a data labeling module automatically labels the laser point cloud data; 3 ) The deep learning module performs feature extraction on the marked laser point cloud data; 4) The prediction module performs real-time prediction of the target based on the deep neural network model according to the extracted features. In the laser point cloud target detection and recognition method based on the deep learning of the present invention, the single frame of point cloud data is firstly feature extracted, and then the extracted features are sparsely processed, and converted into RPN convolutional neural network for computing. The convolutional neural network used in the image field is transplanted to the three-dimensional laser point cloud field, thereby improving the accura"
CN-118658018-B,Vision-based passable region detection and classification method and system,"The method comprises the steps of dividing a plurality of target areas based on campus map data to obtain first image data of the target areas, performing first image processing on the first image data to obtain first training data corresponding to the first image data, performing second image processing on the first image data to obtain first test data, performing training of a target neural network model based on the first training data and the first test data, optimizing parameters by utilizing optimization processing to obtain a first neural network model, performing semantic segmentation on images from the target areas through the first neural network model to generate semantic segmentation images corresponding to the images of the target areas, and determining a traffic route of the target areas based on the semantic segmentation images. The neural network model load on the equipment with limited calculation force is saved, and the free calculation force can be used for obstacle "
US-11477228-B2,Method and system for blockchain accreditation mechanism based on cybersecurity risk,A method may include obtaining various votes for a blockchain transaction from various blockchain nodes. The method may further include determining various weighted votes using the votes and respective cybersecurity states of the blockchain nodes. The respective cybersecurity states may correspond to whether a predetermined security vulnerability is associated with the blockchain nodes. The respective cybersecurity states may be dynamic values that are updated based on changes among predetermined security vulnerabilities. The method may further include determining whether to validate the blockchain transaction based on the weighted votes.
US-2014082552-A1,Presenting an Application Change through a Tile,"This document describes techniques and apparatuses for presenting an application change through a tile. These techniques enable a user to see content associated with content changes to an application or other information about the application, such as a new article, new email, or a software update having become available since a user last visited the application. By so doing, the techniques enable a user to forgo visiting the application or permit the user to quickly and easily decide whether or not to visit the application."
CN-121037497-A,Victim protection early warning method and device,"The embodiment of the application provides a victim protection early warning method and device, which are used for realizing the accurate depiction of the communication behavior of a user by innovatively constructing a communication data analysis mechanism and extracting the communication frequency distribution and the object attribution characteristics. And designing a risk assessment model based on time sequence modeling, and establishing an anomaly detection strategy to carry out intelligent identification by combining a circulating neural network and an attention mechanism. And a multi-level early warning mechanism is introduced, and accurate division and timely early warning of risk levels are realized through a residual neural network and nonlinear mapping. The method effectively solves the defects of the traditional technology in the aspects of data analysis, risk assessment, early warning grading and the like, and remarkably improves the accuracy and reliability of victim prote"
CN-115080250-A,"Data processing method, device and system","The embodiments of the present application disclose a data processing method, device and system. The method may include the following steps: under the condition that the warning condition is satisfied, obtaining the number of the first verification tasks and the number of the second verification tasks to be transferred according to the preset allocation method of the verification tasks; Transfer to the standby cloud device; send the first entrusted query message corresponding to the first verification task to the DPU; receive the first query result sent by the DPU, and determine the first verification result of the first verification task according to the first query result; receive The second verification result of the second verification task sent by the standby cloud device, wherein the second verification result is determined by the standby cloud device according to the second query result sent by the DPU, and the second query result is determined by the DPU according to the standb"
US-2026073296-A1,Generating Selectable Links to Implement Generative AI Recommendations,"Techniques for generating actionable links to Artificial Intelligence (AI)-generated content are disclosed. A system generates a prompt to a generative AI model to generate content, including a recommended action based on a set of analyzed data. The prompt further includes instructions to identify a resource used to generate the recommended action. The generative AI model identifies resources used to generate the recommended action based on a set of resources included in the prompt or based on fine-tuning the generative AI model with a dataset that includes system tools available in a system. A system analyzes content output from the generative AI model to identify a recommended action. The system matches the functionality of a resource used to generate the recommendation with the recommended action. The system generates software code to link the AI-generated content to the resource with functionality to perform the recommended action."
GB-1039738-A,Improvements in and relating to data processing circuits and systems,"1,039,738. Transistor logic circuits. SOC. D&#39;ELECTRONIQUE ET D&#39;AUTOMATISME. May 22, 1964, No. 21333/64. Heading H3T. A bi-stable circuit is controlled by a gating circuit so as to follow the output of the gate except when a control signal is applied to cause the bi-stable circuit to act as a store. The bistable circuit shown comprises two transistors Q3, Q4 having collector-to-base cross-coupling paths D7, R6 and D12, R11 and provides complementary output signals from buffer stages Q5 and Q6. The circuit is controlled by a diode AND gate E comprising signal input diodes D1 and clock and control input diodes D2 connected respectively to terminals T and L, the latter terminals also supplying through an AND gate D3 a further transistor Q2. When the control signal L is positive the bi-stable circuit follows the AND signal. Thus, when all the signals are positive and the clock pulse appears, a transistor Q1 is rendered conductive by the changing current of a capacitor C1. This rende"
CN-118296103-A,An automatic interpretation method of spatial relationship rules in fire safety field based on ontology enhanced natural language processing,"The present invention discloses a method for automatically interpreting spatial relationship rules in the field of fire safety based on ontology-enhanced natural language processing. The main steps are as follows: (1) analyzing the representation of domain spatial knowledge; (2) constructing a domain spatial relationship data set and annotating data; (3) jointly extracting concepts and relationships in a single sentence based on pre-trained language models (PLMs) to automatically establish a domain ontology; (4) formalizing spatial knowledge into a language-independent tree structure based on the ontology, and extracting spatial relationship semantic elements; (5) combining first-order deontic logic, mapping the tree structure into structured logic clauses according to semantic consistency. The present invention automatically constructs a domain ontology based on an entity-relationship joint extraction model, which is used to convert text rules expressed in natural language into a stru"
RU-2742807-C1,Laser system for automatic control and depth monitoring of drains,"FIELD: physics.SUBSTANCE: disclosed is a system for laser automatic control and monitoring of depth of stacking. In the system of laser automatic control, the outputs of the photodiodes of the receiver are connected to the inputs of the controller, which outputs a digital signal about the height of the centre of the receiver relative to the laser beam, which is identical to the altitude deviation of the drain. Outputs of the controller and the path sensor are connected to inputs of the control panel, which is additionally equipped with a computing device for determining the local slope of the drain relative to the horizon depending on deviations of the centre of the receiver at the track pitch and a sound device for recording zero and negative local slopes of the drain. System also has modes of input draining draft slope, path pitch, receiver insensitivity zone and functions of automatic control of the high altitude position of the working member of the drainer, calibration of the path"
WO-2020114286-A1,Exercise data processing method and device,"The present application discloses an exercise data processing method and a device, enabling a user to enter and store user information on an application client installed on their user terminal (e.g., a mobile phone). When the user exercises using exercise equipment, the exercise equipment is capable of automatically acquiring user information of the user via an inherent connection between the exercise equipment and an exercise equipment server and a newly established connection between the exercise equipment server and an application server corresponding to the application client, or via a Bluetooth connection established between the exercise equipment and the user terminal, thereby eliminating the need to manually enter user information each time the user uses the exercise equipment. The invention ensures the security of personal information, and enables accurate exercise calorie-burn data of the user to be calculated and output using pertinent information, thereby improving user expe"
WO-2026014887-A1,On-off keying signal based on ofdm waveform,"The disclosure relates to a 5G or 6G communication system for supporting a higher data transmission rate. An apparatus and a method for generating on-off keying (OOK) signal based on orthogonal frequency-division multiplexing (OFDM) waveform is provided. A method for an Internet of Things (IoT) device to communicate with a reader includes receiving a preamble signal that includes a start indicator part (SIP) and a clock acquisition part (CAP), receiving a physical reader-to-device channel (PRDCH), and receiving a postamble signal. The preamble signal, the PRDCH, and the postamble signal are OOK modulated based on an OFDM waveform. The preamble signal is followed by the PRDCH without a gap. The PRDCH is followed by the postamble signal without a gap. When the postamble signal ends in during an OFDM symbol duration, a padding signal is included from the end of the postamble signal for a remainder of the OFDM symbol duration."
TW-200604820-A,Dual-level key protection method and architecture for computer peripheral interface,"The present invention provides a dual-level key protection method and architecture for computer peripheral interface, which is to configure at least a microprocessor and a storage unit on a computer peripheral device, and execute an associated client program on the computer; the first level key is used to check if the computer peripheral device is an authorized hardware, and the second level key is used to check if the client program is an authorized software; and, for the second level key, the software developer has to assign the value for the first key and store in the memory unit in advance; then, assigning the value of a second key; and, after the key operation by the microprocessor, generating a first CRC, and writing the value of the second key and the first CRC in the client program; when executing the client program, checking the first CRC for identification to judge the client program is an authorized software or not."
KR-100307323-B1,Apparatus and method for an auto execution file generation of recognition object words,"1. TECHNICAL FIELD OF THE INVENTION
     
     
      The present invention relates to a device for automatically generating a word executable file to be recognized and a method thereof.
     
     
      2. The technical problem to be solved by the invention
     
     
      The present invention executes a recognition target word for automatically generating a recognition target word acquired through subscriber management in a subscriber processing apparatus (SMC) of a voice recognition service system when a data processing request for a new recognition target is received from an operator. An automatic file generating apparatus and a method thereof and a computer-readable recording medium recording a program for realizing the method are provided.
     
     
      3. Summary of the Solution of the Invention
     
     
      The present invention provides a method for automatically generating a target word executable file, which is applied to an apparatus for automatically generatin"
JP-H07262273-A,Methods for resource allocation and scheduling,"(57) [Summary] [Objective] To increase the speed, flexibility and reliability of systems and methods for allocating and scheduling resource requests to resource providers. Construction A near-optimal allocation and scheduling solution is reached using an improved &#34;best-first&#34; search approach that combines optimization, artificial intelligence and constrained processing.   In response to dynamic resource environment changes, large changes to the current allocation set are evaluated in the search for better solutions. As new processing requests are received, they are assigned, scheduled, and as the field service environment changes, the above set of assignments are reallocated to produce global optimization. The search technique is   At the end it can receive the best solution generated so far, making the technique a search that can be performed &#34;at any time&#34;."
CN-119316206-A,Intelligent network monitoring and privacy early warning system for mobile equipment and application method thereof,"The present invention discloses a mobile device intelligent network monitoring and privacy early warning system, including: a data capture module, which is responsible for capturing data packets from the network interface of the mobile device; an intelligent analysis engine, which is used to analyze data packets using DPI deep packet inspection technology, and implement identification of sensitive information transmission, abnormal network requests and other behaviors. The mobile device intelligent network monitoring and privacy early warning system of the present invention focuses on data transmission monitoring and privacy leakage risk assessment and early warning of mobile device applications. DPI deep packet inspection data packet analysis, behavior recognition algorithm and machine learning technology are used to ensure the security of user information on the mobile platform."
JP-2017191613-A,"Electronic receipt management server, electronic receipt providing method and program","PROBLEM TO BE SOLVED: To provide a merchandise sales data processing apparatus, an electronic receipt management server, and a program capable of notifying a consumer (customer) that any event occurs.SOLUTION: A merchandise sales data processing apparatus includes: receipt information generation means for generating receipt information indicating transaction content of settlement target merchandise to be associated with a reception destination code; and output means for converting the receipt information for one transaction into electronic receipt information of a structured format, and for outputting the electronic receipt information to an external device. The output means is configured to, when it is necessary to perform notification of predetermined elements configuring the receipt information in the case of converting the receipt information into the electronic receipt information, validate a flag for notification and add the flag to the electronic receipt information.SELECTED DRA"
US-2015310471-A1,Method and System for Social Gamification of Commercial Offers,"A method and system for generating and processing socially gamified offers. It comprised a software application for specifying the offer parameters such as discount, expiration date, gamification type, posting the offers to a network, and monitoring the gamification outcomes to unlock the offer. It further comprises a server and a software application for redistributing the offers and managing the gamified interactions. It further comprises of a gamification engine that allows the offers to be activated based on different types of interactions by the network users. The gamification can require reaching a threshold of social endorsements for the offer to activate. Various types of gamification algorithms are used to create different types of engagements with the network participants."
US-2013017531-A1,Testing system and method using an ipsative scale,"A testing system using an ipsative scale is applicable to a data processing device. The testing system includes a test question module for generating test questions comprising questions, a measuring scale and a plurality of labels, and a responding module for moving each of the labels to a corresponding position on the measuring scale in response and according to the question, and a recording module for recording information about the position of each label as a fall point, wherein the fall point information compares one or more test-takers for obtaining a correlation between the test questions of each label, thereby analyzing test results of one or more test-takers and reducing occurrence of faked test results."
WO-2024248604-A3,"Method of establishing cancer screening module, using method and platform thereof","A method of establishing a cancer screening model is provided, including: providing a plurality of samples and a plurality of corresponding cancer states; analyzing these samples by a low-resolution mass spectrometer to obtain a plurality of mass spectral data, wherein the low-resolution mass spectrometer is undertaken a mass accuracy level above 5 ppm and a mass resolution (m/Δm) below 10,000; inputting these mass spectral data into a machine learning algorithm to obtain a plurality of markers by a feature selection method; and using these markers and these cancer states by the machine learning algorithms to establish cancer screening model."
US-2007066364-A1,Customized data retrieval applications for mobile devices providing interpretation of markup language data,"Systems and techniques, including computer software, for retrieving information to a mobile device involve installing a data retrieval application on the mobile device. The data retrieval application includes instructions for presenting a structured data display on the mobile device, defining a structure of the structured data display, requesting selected hyperlinks included in the structured data display, and rendering markup language information received in response to the selected hyperlinks. A user request to retrieve data through the data retrieval application is received, and data is retrieved in response to the received user request. The retrieved data is displayed according to the structure of the structured data display, and a user can select a hyperlink in the displayed data to retrieve and render markup language information using the data retrieval application."
WO-2011047847-A1,Image sensor array for detecting image information for automatic image data processing,"The invention relates to an image sensor array (1) and to a method for detecting image information for automatic image data processing. The image sensor array (1) comprises a plurality of identical sensor cells (2), each being provided with an image sensor (3) having a dedicated sensor optics (8), an image store for storing image information of the image sensor (3), and an evaluation unit (4) for processing the image information. The sensor cells (2) are arranged in at least one series such that the detection ranges (7) of the image sensors (3) of directly adjacent sensor cells (2) overlap. Each sensor cell (2) comprises at least one data interface (5) to an adjacent sensor cell (2), by means of which the image data of the overlapping detection range (7) of the adjacent sensor cell (2) can be accessed. The evaluation units (4) are equipped to determine a correlation of said image data."
US-2021194926-A1,Intelligent-interaction honeypot for iot devices,"Techniques for providing an intelligent-interaction honeypot for IoT devices in accordance with some embodiments. In some embodiments, a system/process/computer program product for providing an intelligent-interaction honeypot for IoT devices includes receiving a request from an attacker sent to an IP address that is associated with a honeypot instance for Internet of Things (IoT) devices; determining a response to the request using a data store that stores a plurality of responses and associated IoT device information, wherein the plurality of responses and associated IoT device information is generated based on automated machine learning of active probing of physical IoT devices on the Internet; and sending the response from the honeypot instance for IoT devices to the attacker, wherein the attacker is unable to detect that the response is associated with an emulated IoT device."
WO-2023011472-A1,"Method for feeding back channel state information, method for receiving channel state information, and terminal, base station, and computer-readable storage medium","Provided in the present disclosure are a method for feeding back channel state information. The method comprises: determining a neural network parameter, and constructing an encoder according to the neural network parameter; compressing channel information by using the encoder, so as to obtain channel state information; and feeding back the channel state information. Further provided in the present disclosure are a method for receiving channel state information, and a terminal, a base station, and a computer-readable storage medium."
CN-115328842-A,Data sharing method and data sharing system,"The invention provides a data sharing method and a data sharing system, comprising the following steps: providing a receiving device and at least one first transmitting device; the receiving device changes the hardware registration identification code of the at least one first transmission device into the hardware registration identification code of the virtual camera device corresponding to the at least one communication software; and when the receiving device receives at least one image data signal transmitted by the at least one first transmission device, converting the at least one image data signal into video streaming data corresponding to at least one communication software support through the virtual camera device. No matter in a dynamic picture video mode or a static picture desktop sharing mode supported by communication software, the receiving device can convert at least one image data signal into audio-video data compatible with the communication software. Therefore, the pr"
GB-1190498-A,Data Processing System.,"1,190,498. Data processing in exchange systems. INTERNATIONAL STANDARD ELECTRIC CORP. 30 Oct., 1968 [7 Nov., 1967], No. 51487/68. Heading H4K. In an exchange system one of a number of processors working in parallel is nominated in cyclic order for each processing cycle to take on all new exchange tasks initiated in a cycle, further processing required for any task being continued in later cycles by the processor that took up the task initially. As shown in Fig. 1, an exchange GE sends data to two processors R1, R2 by way of register E and receives processed data by way of register S. The processors Ri, R2 have logic sections RW1, RW2, input buffers ER, output buffers AR, and individual or common storage facilities Sp. The processors are nominated to handle task initiation in alternate processing cycles. At the beginning of each processing cycle instructions from one processor are read out to register S while the other processor takes the task data from register E. In an immediately sub"
US-2024362492-A1,"Systems, methods, and computer-accessible medium for providing human-model alignment using metadata and artifacts, patient information, or synthetic data","Exemplary systems, methods, and computer-accessible medium are provided that can train a language model for a medical use or performing a medically-related procedure. Thus, exemplary systems, methods, and computer-accessible medium can be provided that can model a reward neural network on one or more physician preferences and train the language model by applying the reward neural network modeled on the physician preference(s) as feedback to guide the language model to learn the physician preference(s). The reward neural network can rely on an artificial intelligent (AI) model as a surrogate reward function for a physician feedback, and can obtain the physician preference(s) implicitly from electronic health records and/or other sources of medical data."
CN-114710330-A,An Anomaly Detection Method Based on Heterogeneous Hierarchical Federated Learning,"The invention discloses an anomaly detection method based on heterogeneous layered federated learning, and relates to the field of federated learning and the field of anomaly detection. Constructing a heterogeneous layered federated learning architecture; asynchronously updating a global model among clusters based on longitudinal federal learning; and synchronously updating the local model in the cluster based on horizontal federal learning. The method and the device can improve the recognition performance and classification accuracy of the model, reduce communication overhead, improve the training speed of the model, ensure the privacy of data, have higher safety, and can be deployed in heterogeneous Internet of things with large number of terminals and various types."
CN-215452961-U,Novel visual wisdom thing networking gateway equipment,"The utility model relates to novel visual intelligent Internet of things gateway equipment which comprises an edge computing layer and a sensing layer, wherein the edge computing layer comprises an edge computing unit and a video exchange unit; the sensing layer comprises an electric appliance access unit, an environment sensing access unit and a front-end equipment access unit; through setting up switching value interface and data interface respectively at edge arithmetic element, insert the electrical apparatus access unit and the environmental perception access unit that produce different grade type data in the perception layer and manage in edge arithmetic element, the great data of data volume that front end equipment access unit in the perception layer produced simultaneously IP network sends to video exchange unit and edge arithmetic element and manages, thereby carry out classification management to a plurality of node equipment in the perception layer according to the data typ"
FR-3108188-B1,Navigation database updates,"The document describes computer-implemented devices and methods for analyzing navigational databases, including the steps of: comparing two databases and determining a list of different procedures between the databases (so-called deviations) ; describe one or more of these procedures by N cases of distinct flights, corresponding to different combinations of variations in values of flight parameters (combinations of variations in performance, meteorology and/or speed parameters); in an aeronautical computer e.g. FMS, for a flight case, determine one or more flyable trajectories associated with one (or more or each) ∆P procedures. Developments describe the determination of operational impacts, automatic learning processes, analyzes of deviations by trajectory, by procedure or by deviations between procedures. Aspects of software and systems are described. Figure for the abstract: Fig. 1"
CN-113691742-A,"A video processing device, a video data processing method and a spelling control system","Embodiments of the present invention provide a video processing device, a video data processing method, and a stitching control system, which relate to the technical field of video processing. The video processing device includes a control chip, an Ethernet dual switching chip including a data switching chip and a control switching chip, a first service board and a second service board; the control chip sends the first processing instruction, the data transmission instruction and the second service board to the control switching chip. The second processing instruction; the target first service board performs the processing operation of the first processing instruction on the original video data, and determines the identifier indicated by the data transmission instruction; sends the video data to be transmitted and the identifier to the data exchange chip; The transmission video data is sent to the target second service board matching the identifier; the target second service board perf"
KR-101318991-B1,Multilayer Data Processing Apparatus and Method,"The present invention relates to data processing for each layer, and more particularly, to a multi-layer data processing apparatus and method for efficiently performing multi-layer processing on a data flow using attributes between layers. When the multi-layer data processing apparatus receives the multi-layer data, the multi-layer data processing apparatus according to the present invention classifies the received multi-layer data into lower layer data and upper layer data by using lower layer information, and corresponds to rule information of the lower layer and upper layer. And a lower layer processing unit configured to generate a traffic flow of lower layer data or a traffic flow of lower layer data and upper layer data by using the rule information table. According to this aspect of the present invention, it is possible to generate and output the traffic flow of the multi-layer data in the lower layer, and by generating the traffic flow of the multi-layer data in the lower layer"
CN-120511077-B,Artificial intelligence-based trauma care plan generation method and system,"The embodiment of the application provides a wound care scheme generating method and system based on artificial intelligence, which are characterized in that by acquiring first basic medical data of a target object to be wound care, the first underlying medical data includes individual characteristic data, genetic data, trauma text data, medical history text data. And performing data preprocessing and reconstruction operation on the first basic medical data to generate second basic medical data of the target object. Inputting the second basic medical data into a pre-constructed nursing analysis model to obtain at least one subsequent nursing stage label of the target object. And determining a wound care recommended scheme of the target object based on the label of the subsequent care stage, the care knowledge base and the historical care data of the plurality of reference objects, so that the accuracy of generating the wound care scheme is improved."
CN-120144410-A,Mainboard intelligent fault diagnosis method and system based on artificial intelligence,"The invention discloses an intelligent fault diagnosis method and system for a mainboard based on artificial intelligence, and relates to the technical field of fault diagnosis. The method comprises the steps of constructing a task number chain according to a calling sequence relation, continuously sampling running state parameters, combining current task numbers to construct a task state feature vector table, calculating state feature vector offset between adjacent task units pair by pair, adding the state feature vector offset to an offset exception table to serve as a doubtful point mark if the offset exceeds a set tolerance threshold, constructing an exception propagation path map through path reasoning, calculating a path risk score based on the structural association degree and the historical state interaction frequency between the task units, selecting the optimal candidate number under the structural constraint from the task number chain for the abnormal boundary that the path "
EP-4699030-A1,Systems and methods for performing vulnerability assessment on partially functional applications,"Systems and methods are described herein for performing vulnerability assessment on partially functional software applications (e.g., software applications currently at a phase in the development cycle prior to a user acceptance testing phase). By doing so, the system may detect vulnerabilities, if any, more easily based on the fewer functional components of the application. Additionally or alternatively, curing any vulnerabilities will require fewer modifications to the application&#39;s software, architecture, and/or intended functionality (as these characteristics are also earlier in their development cycle)."
US-2013138648-A1,System and method for managing review standards in digital documents,"A system and method for validation, review, approval, editing, developing, publishing, and/or ongoing maintenance of a digital document, the system and method having the functionality to work alone or can be used in conjunction with other software applications and workflows in order to facilitate the direct review of documents."
EP-1744493-B1,Wireless mesh network node,"Method and apparatus for providing a wireless mesh network and network node are described. More particularly, a network having network node neighborhoods is described. A node comprises a multi-sectored antenna and a transceiver controller. Nodes are configured for installation without antenna pointing and without pre-coordination with the network. Software architecture for the node is also described."
US-2022277729-A1,Identifying language in music,"The present disclosure describes techniques for identifying languages associated with music. Training data may be received, wherein the training data comprise information indicative of audio data representative of a plurality of music samples and metadata associated with the plurality of music samples. The training data further comprises information indicating a language corresponding to each of the plurality of music samples. A machine learning model may be trained to identify a language associated with a piece of music by applying the training data to the machine model until the model reaches a predetermined recognition accuracy. A language associated with the piece of music may be determined using the trained machine learning model."
CN-110970042-A,"A real-time artificial intelligence classification method, system, device and readable storage medium of lung rales for electronic stethoscope","The invention relates to the technical fields of computer hearing and artificial intelligence, in particular to an artificial intelligence real-time classification method for lung rales with an electronic stethoscope, comprising: collecting lung sound signals in real time through an electronic stethoscope, automatically classifying the lung rales, and collecting Data sliding extraction is a data block every 2 seconds through band-pass filter and normalization, using logarithmic Mel filter bank transformation to calculate the data matrix of three channels, and input a pre-built and trained convolution Neural network, the output of the convolutional neural network is the probability value of the four lung sound conditions, and the system combines the results of multiple data blocks to give the final probability value of the four lung sound conditions. The present invention can effectively improve the robustness of rales detection and classification results. The invention also discloses a"
EP-1374166-A2,Computer-implemented neural network color matching formulation system,"A method and apparatus for color matching are provided, in which paint recipe neural networks are utilized. The color of a standard is expressed as color values. The neural network includes an input layer having nodes for receiving input data related to paint bases. Weighted connections connect to the nodes of the input layer and have coefficients for weighting the input data. An output layer having nodes are either directly or indirectly connected to the weighted connections and generates output data related to color values. The data to the input layer and the data from the output layer are interrelated through the neural network&#39;s nonlinear relationship."
US-9519806-B2,Domain-specific hardwired web server machine,"A domain-specific hardwired symbolic web server machine is described that processes information via the hardwired mapping of symbols from one or more domains onto other such domains, computing and communicating with improved security and reduced power consumption because it has no CPU, no Random Access Memory (RAM), no instruction registers, no Instruction Set Architecture (ISA), no operating system (OS) and no applications programming. The machine provides web services by recognizing legal requests such as HTTP GET request and responding with an HTML web page. In some embodiments, the machine has no unconstrained RAM into which malware may insert itself and needs no anti-virus software."
CN-116841886-A,Directional fuzzy test method for configuration defects,"The invention discloses a directional fuzzy test method for configuration defects, which aims to solve the problems of limited accuracy and long test time of the existing defect detection method. The technical proposal is as follows: constructing a directional fuzzy test system facing the configuration defect, which is composed of a configuration stain analysis module, a distance calculation module, a configuration and distance pile inserting module and a directional fuzzy test module; the configuration taint analysis module obtains the influence range of target configuration and the mapping relation set of configuration and program basic blocks; the distance calculation module calculates the distance from each basic block in the program to the target basic block to obtain a distance information set; the configuration and distance instrumentation module reads in the source codes of the software to be tested, the configuration and program basic block mapping relation set and the distanc"
CN-112801043-B,Real-time video face key point detection method based on deep learning,"The present invention is a real-time video face key point detection method based on deep learning. The method adopts a convolutional neural network to perform key point detection of a single frame, in which the depth separable convolution is applied to improve the model detection rate, and the boundary heat map is used as the original An additional subtask of the network improves the constraints of the global face structure of the original network, improves the detection accuracy of the original network, and is used to solve the data imbalance loss function for heatmaps. The generalization ability and optical flow loss function enhance the smoothness between frames. In the detection process, for frames with extremely large angles that cause the confidence level to be lower than the key point confidence threshold, use 3DMM to fit the dense key point coordinates, and perform 68 on the obtained dense key points according to minimizing the projection error between frames. Point sampling to"
US-2024061653-A1,Collaborative industrial integrated development and execution environment,"A method for providing access to a development and execution (D&amp;E) platform for development of industrial software, including providing while the D&amp;E platform is being accessed a GUI with a development tool having process flow and code editors and an execution tool and arranging two or more programming blocks of a process flow responsive to input from an author when the process flow editor is accessed. The two or more programming blocks, when arranged, are configured to be executed. The method further includes editing source code of the two or more programming blocks responsive to input from the author when the code editor is accessed, compiling at least one of the two or more programming blocks responsive to input from the author when the execution tool is accessed, and executing the compiled at least one programming block responsive to input from the author when the execution tool is accessed."
CA-2533582-A1,Method and system for calculating an order pick-up time for an order to process digital images,User software provided to a user by a photo developer provides the user with functionality to access and view digital images on a display of the computing device and electronically place orders for photographic prints and the like with the photo developer. Software operative on a centralized server system receives orders from users and search requests for store locations meeting certain proximity criteria. The software calculates and estimated order pick-up time and displays to the user for each store meeting the proximity criteria the estimated order pick-up time along with a distance to the store from the user&#39;s location.
CN-113537245-B,Neural network pruning method based on feature map,"The invention discloses a neural network pruning method based on feature maps, which includes: (1) preparing a training data set for the neural network model to be pruned for training; (2) defining a topological hole as a measure of the amount of information in the feature map Scalar, input data to the pre-trained convolutional neural network, calculate the topological hole value corresponding to different channels of each layer; (3) Set the pruning rate for each layer of the neural network, and based on the output channel of each layer number to determine the number of output channels of each layer of the pruned model; (4) Prune the neural network based on the topological hole value and pruning rate to obtain the pruned network; (5) The pruned neural network is trained in the same Retrain under the data set to restore the lost accuracy; (6) Apply the pruned neural network, input the image to be recognized into the pruned neural network, and obtain the categories of different objects i"
US-2024157548-A1,Transition method of locomotion gait of robot,"A transition method of locomotion gait of a robot includes: executing a deployment procedure multiple times, each execution includes: randomly selecting a source policy and a destination policy, simulating a transition operation from the source policy to the destination policy, and recording a transition configuration and a transition result to a transition database, where each policy is a neural network model, and a latent state in the transition configuration is a hidden layer of the neural network model of the source policy. The method further includes: training a transition-net according to the transition database, and performing the following steps by a meta-controller disposed on the robot: selecting two gait policies as an active policy and a queued policy, executing the active policy, inputting the two policies to the transition-net to obtain a success probability, and when the success probability is greater than a threshold, executing the queued policy."
WO-2010062483-A1,Devices and methods for providing cashless payment and diagnostics for vending machines,"A peripheral device for a vending machine, a method of communicating with a vending machine, a vending system, a computer readable storage medium including software that is adapted to control a computer to implement a method of communicating with a vending machine, and methods of generating an alert for a vending machine are provided. The peripheral device includes a bus interface and a processor coupled to the bus interface. The peripheral device, via the bus interface, receives data from a bus and transmits data onto the bus. The processor enables cashless payment and provides diagnostic information for at least one other peripheral device of the vending machine based on data received from the at least one other peripheral device via the bus interface."
CN-115356021-B,Pile foundation axial strain monitoring data processing method and device based on distributed optical fibers,"The invention discloses a pile foundation axial strain monitoring data processing method and device based on distributed optical fibers, wherein the method comprises the steps of dividing a pile foundation into a plurality of calculation units, establishing the relation between pile top load and the strain of each calculation unit based on the average axial force of the force of each calculation unit, solving the relation under pile top loads of different sizes by combining a pile soil interface bilinear model to obtain pile body strain distribution, and determining the real strain distribution of the pile body by adopting a nearest inner envelope method and data information obtained by optical fiber monitoring. The invention solves the problem of larger fluctuation of the optical fiber measurement data, and obtains the actual strain and axial force of the pile body."
WO-2023077411-A1,Devices and methods for determining data related to a progression of refractive values of a person,"The present invention relates to a processing device (120), a computer-implemented method and a computer program for determining data related to a progression (114) of refractive values of a person and to a system, a computer-implemented method (210) and a computer program for providing data related to a progression (114) of refractive values. Herein, the processing device (120) is configured to - receive data related to a person, comprising ● a refractive status (320) of the person; ● age (314), gender (316) and ethnicity (318) of the person; and ● at least one risk factor related to the person; - determine data related to a progression (114) of refractive values of the person using at least one machine learning algorithm (132), wherein the at least one machine learning algorithm (132) comprises at least one prediction model (134) for determining a relationship between the data related to the person and the progression (114) of the refractive values of the person. By using the process"
KR-20130025023-A,Total phosphorus monitoring system using software sensor and water treatment system using same,"PURPOSE: A TP(Total Phosphorus) analysis system using a software sensor and a water treatment system using the same are provided to accurately predict TP using a LOC(Lab On a Chip)-based water quality measuring unit. CONSTITUTION: A TP software sensor comprises an information processing device and predicts a TP concentration by loading a program which is able to translate, analyze, or process PO4^3- measuring data and general water quality item measuring data. A TP concentration prediction system comprises a general water quality item measuring unit, an LOC-based water quality measuring unit, and a data integration and collection device. [Reference numerals] (AA) LOC-based water quality measuring unit for specific water quality constituents(PO_4^3-); (BB) Measuring unit for general water quality constituents(turbidity, pH, electric conductivity, and etc); (CC) Data integrating and collecting device; (DD) Water processing device controlling system; (EE) TN software sensor and data proce"
CN-118396416-A,Bank system performance prediction method and device,"The present invention discloses a method and device for predicting the performance of a banking system, and relates to the field of artificial intelligence technology and the financial field, wherein the method comprises: collecting the overall status data of each business system in the banking system, wherein the overall status data reflects the overall operational health status of the business system; judging the overall operational health status of each business system according to the overall status data of each business system; for a business system whose overall operational health status needs to be observed: collecting multiple monitoring data; performing data dimension reduction on the monitoring data according to the principal component analysis algorithm to obtain a feature vector; inputting the feature vectors into a performance prediction model respectively, and outputting risk warning information; the performance prediction model is obtained by training a support vector ma"
CN-114861319-B,Data-driven recurrent neural network ship motion model method,"The invention discloses a data-driven recurrent neural network ship motion model method which comprises the steps of obtaining ship low-frequency motion ship position, course and propeller operation information through a ship navigation test, constructing a ship motion recurrent neural network model system structure, constructing a recurrent neural network training data set and a test data set based on the obtained ship low-frequency motion information and propulsion system operation information, constructing a recurrent neural network ship motion model based on the training data set by adopting different activation functions and optimization algorithms, performing iterative training, testing and optimizing the established ship motion neural network model based on the test data set, and determining a final ship motion recurrent neural network model. Based on the data driving principle, the invention only establishes a recurrent neural network ship motion model based on the ship measure"
CN-111626235-A,A kind of training method and device of face recognition neural network,"The invention discloses a training method and device for a face recognition neural network, which can obtain a first sub-loss value for constraining the inter-class interval of samples of different face categories according to the center of each face category, and according to the The second sub-loss function of the intra-class interval of the same face class sample, determine the second sub-loss value, determine the total loss value of the loss function according to the first sub-loss value and the second sub-loss value, and determine whether the total loss value satisfies the Preset requirements to determine whether to iteratively update the model parameters in the current face recognition neural network. The invention can effectively improve the face recognition accuracy of the face recognition neural network."
CN-114036919-B,Electronic experiment record book management method and system,"The invention provides a management method and a system for an electronic experiment record book, wherein the method comprises the following steps: step S1: maintaining a plurality of data sources bound by a user, and simultaneously acquiring and displaying a preset ELN template; step S2: when a user edits the ELN template on line, the user is supported to call any one data source; step S3: acquiring a test condition input by a user, testing the edited ELN template based on the test condition, and displaying a test result; step S4: and if the user is satisfied with the test result, generating an ELN report, otherwise, returning to the step S2 for the user to edit online again. According to the method and the system for managing the electronic experiment records, a user does not need to download the electronic experiment record software, does not need to design and store a template by himself, and only needs to edit the preset ELN template on line, so that convenience is improved, and u"
WO-2017204394-A1,Method for operating artificial intelligence transparent display and artificial intelligence transparent display,A method for operating an artificial intelligence transparent display and the artificial intelligence transparent display are disclosed. The method for operating an artificial intelligence transparent display can comprise the steps of: allowing a plurality of sensors implemented in the artificial intelligence transparent display to sense user information; allowing an artificial intelligence processor implemented in the artificial intelligence transparent display to generate reaction operation information on the basis of the user information; and allowing an artificial intelligence object outputted on a transparent display implemented in the artificial intelligence transparent display to operate according to the reaction operation information.
CN-215744873-U,Intelligent sorting equipment based on computer vision,"The utility model discloses an intelligent sorting equipment based on computer vision, which relates to the technical field of intelligent sorting equipment. Bottom plate, the top two sides of the sliding plate are fixedly connected with a guardrail 1, a plurality of rollers 1 are arranged above the top of the sliding plate, and both ends of the plurality of rollers 1 are rotatably connected with the inner wall of the guardrail 1. One end of the guardrail runs through the first guardrail, and one of the guardrails is provided with a number of rotating wheels at the outer side. The bottom of the sliding plate is provided with two rollers. Drive the rotating wheel 2 to rotate, and the rotating wheel 2 drives the two rollers to rotate through the belt 3, so that the sliding plate slides along the chute, dispersing the goods to the sorting port that matches the size of the goods, effectively preventing the goods from being stuck and delayed. Shipping time."
US-12229169-B1,Clustering key selection based on machine-learned key selection models for data processing service,"The disclosed configurations provide a method (and/or a computer-readable medium or system) for determining, from a table schema describing keys of a data table, one or more clustering keys that can be used to cluster data files of a data table. The method includes generating features for the data table, generating tokens from the features, generating a prediction for each token by applying to the token a machine-learned transformer model trained to predict a likelihood that the key associated with the token is a clustering key for the data table, determining clustering keys based on the predictions, and clustering data records of the data table into data files based on key-values for the clustering keys."
CN-113762466-B,Electric power internet of things flow classification method and device,"The invention provides a method and a device for classifying traffic of an electric power Internet of things, wherein the method comprises the following steps: determining a pseudo tag of the target domain data according to the first classifier; reconstructing the source domain data according to the first label of the intermediate domain data; training a bidirectional circulation generation countermeasure network according to the pseudo tag and the reconstructed source domain data to obtain a target bidirectional circulation generation countermeasure network; the target domain data is input to a target bi-directional loop generation countermeasure network to classify the target domain data. The device is used for executing the method. The invention fully utilizes the source domain and target domain data, the generated intermediate domain data plays a role of data enhancement, and the source domain data is updated and reconstructed according to the intermediate domain data, thereby avoi"
CN-114092356-A,Self-supervised learning method and self-supervised learning device,"The disclosure provides a self-supervision learning method and a self-supervision learning device, and relates to the field of computers. According to the method, the distance measurement information from the features of each augmented picture of each original picture to the feature mean value of all the augmented pictures of each original picture can effectively monitor the augmented picture sample with semantic deviation, the training noise brought by the augmented picture sample with semantic deviation can be effectively inhibited by reducing the corresponding weight, the variance and deviation of data augmentation distribution are well balanced, and the performance of a learning model on a downstream computer vision task is improved."
CN-110633005-A,Optical unmarked three-dimensional human body motion capture method,"The invention provides an optical unmarked three-dimensional human body motion capture method, which solves the problem of the constraint of the traditional non-optical and optical marked human body motion capture methods on human body motion and reduces the time for capturing the single human body motion to a certain extent. The method comprises the following steps: determining the connection relation between the serial number of the human body joint points and each joint point by using the positions of different joint points and the corresponding relation between the positions of the different joint points and the real human body; extracting two-dimensional joint points of the multi-angle human body image and connecting the limb bones between the joint points by utilizing a deep convolutional neural network and combining the serial numbers and the connection relation to obtain two-dimensional coordinate information of the human body joint points; and drawing a human skeleton model in"
WO-2016196005-A1,"Fast low-memory methods for bayesian inference, gibbs sampling and deep learning","Methods of training Boltzmann machines include rejection sampling to approximate a Gibbs distribution associated with layers of the Boltzmann machine. Accepted sample values obtained using a set of training vectors and a set of model values associate with a model distribution are processed to obtain gradients of an objective function so that the Boltzmann machine specification can be updated. In other examples, a Gibbs distribution is estimated or a quantum circuit is specified so at to produce eigenphases of a unitary."
JP-2014531958-A,One-on-one and tournament play for an enhanced gameplay environment,"A method and system for an enhanced one-to-one hybrid game is provided. The enhanced one-to-one hybrid game system executes a real-world engine that provides randomly generated payments for gambling games, and entertainment games that provide results when an entertainment game is run by a player. Gambling game play gambling events based on the execution of the entertainment game by the player, managing the entertainment software engine that manages the user interface, and triggering randomly generated payments for the gambling game A gambling game comprising a game world engine communicating with the gambling game. The system also receives at least one player performance measure from the game world engine, determines at least one player qualification for play in the tournament, and at least includes at least one player performance measure from the game world engine. Assign at least one player a handicap for the tournament based in part on the game world engine to implement each assigne"
CN-117278777-A,"Video processing method, device and electronic equipment","The present disclosure provides video processing methods, devices and electronic equipment, and relates to the technical field of artificial intelligence, especially to the technical fields of deep learning, natural language processing, computer vision, intelligent search and other technical fields. The specific implementation plan is: for each video frame in the video to be released, select the target link information corresponding to the video frame from multiple candidate link information under the release object identification of the video; the candidate link information includes, the popularity under the release object identification The corresponding relationship between the segment summary and preview video frame of the video clip and the link address of the video to which the popular video clip belongs; according to the target link information corresponding to each video frame in the video, each video frame in the video is linked and mounted. The processed video is obtained and"
CN-116653105-B,A hole reservation method based on BIM technology,"The invention discloses a hole reserving method based on BIM technology, which comprises the following steps of S1, manufacturing a hole embedded part conforming to the size of an inner cavity of a hole according to a reserved hole detail table, S2, adjusting the position of the hole embedded part, placing the hole embedded part on a pouring platform, and fixing the position of the hole embedded part by using a pull rod, and S3, pouring unit components. According to the invention, the pouring platform is arranged, the hole embedded parts are arranged before pouring, the positions of the hole embedded parts are regulated through the pull rods, and the number and the positions of the reserved holes are determined, so that the building component is simpler and more convenient to manufacture, the position parameters of the reserved holes can be timely regulated according to changing requirements, the size is easy to control, the difficulty in pouring and mould manufacturing is reduced, the"
US-7987430-B2,"Apparatus, system, and method for customizing a graphical user interface","An apparatus, system, and method are disclosed for customizing a graphical user interface. A rendition module renders a base GUI to provide an operator with tools for managing Data Processing Devices (DPD). A tag module communicates interface tags to the base GUI. The interface tags describe added functionality for managing a specified DPD, wherein the added functionality is not supported by the base GUI and the base GUI is not configured to employ the interface tags. A translation module translates the interface tags into interpreted display code. The rendition module is further configured to render the interpreted display code with previously rendered display code for the base GUI to provide the added functionality for managing the specified DPD. The operator may manage the specified DPD with the added functionality."
US-7814959-B2,"Method of making a cast metal product including a three-dimensional image, and a product made by said method",A process of making a cast metal product and a product made utilizing this process. A pattern used for casting the metal panel is prepared utilizing computer-aided manufacturing software to which a digital representation of an image is inputted. The software then determines a tool path height for each digital element of the digital representation. A pattern blank is placed on a computer-controlled routing table which routs the blank utilizing the tool path determined by the software program to form a three-dimensional representation of the desired image on the pattern.
EP-4272385-A1,Method of estimating the number of channel taps and channel coefficients in a concatenated way,"The invention relates to the method of estimating the number of channel taps and channel coefficients in a concatenated way in order for the signal transmitted to be received successfully in the receiver in wireless communication systems. In particular, the invention proposes a model that learns the number of channel taps and channel coefficients in a concatenated way in order to benefit from the existing correlation between the number of channel taps and channel coefficients. This model is based on a deep learning-based algorithm."
WO-2019164239-A1,"Electronic device, image processing method, and computer-readable recording medium","An electronic device is disclosed. The electronic device of the present disclosure comprises: a memory in which a learned artificial intelligence model is stored; and a processor for inputting an input image to the artificial intelligence model and outputting an enlarged image with increased resolution, wherein the learned artificial intelligence model includes an upscaling module for acquiring the pixel values of interpolated pixels around a cell according to a function having a non-linearly decreasing symmetric form with reference to an original pixel in the enlarged image, the original pixel corresponding to a pixel of the input image."
CN-114209278-A,A deep learning skin disease diagnosis system based on optical coherence tomography,"The invention provides a deep learning skin disease diagnosis system based on optical coherence tomography. The image acquisition unit uses an OCT imaging system to perform three-dimensional OCT image imaging on the detected skin area, so as to non-invasively extract the deep skin information data; The original 3D OCT image is denoised and enhanced by the image preprocessing unit to eliminate the speckle noise inherent in OCT imaging and the limitation of low sampling rate, and improve the resolution of the image; The features of the skin anatomy and skin microvessels are extracted from the OCT image of the deep learning diagnosis unit, and the deep feature extraction and feature fusion are carried out through the deep learning diagnosis model of the deep learning diagnosis unit, so as to detect the corresponding skin disease information; the diagnosis system improves the diagnosis of skin diseases. Accuracy reduces the dependence on the doctor&#39;s diagnostic experience and level, an"
CN-118379355-A,Position identification method integrating camera and laser radar in large-scale environment,"The present invention discloses a method for position recognition by fusing a camera and a laser radar in a large-scale environment, which belongs to the technical field of position recognition and is used for position recognition, including converting a three-dimensional point cloud into a two-dimensional range image, extracting surround image features and range image features, constructing a neural network structure, and performing neural network training and robust position recognition; constructing a neural network structure includes designing a visual feature map vertical compression module, a multimodal feature fusion and descriptor aggregation module, and a late fusion module. The present invention improves the efficiency of network processing by removing redundant information in the height dimension and converting a three-dimensional point cloud into a two-dimensional range image through a vertical compression module. At the same time, the Transformer module fuses feature infor"
CN-119599999-A,Pathogen pattern scanning system,"The present invention relates to the field of pathogen scanning technology, and specifically discloses a pathogen pattern scanning system, comprising: a pattern scanner module, a data acquisition module, a data processing module and a report generation module; the present invention uses drug development and multi-band spectral scanning, and the system can detect functional and metabolic abnormalities, rather than relying solely on morphological changes. This mechanism can discover early lesions, allowing patients to obtain diagnosis opportunities at the potential hidden danger stage; the pathogen pattern scanning system only requires patients to take developing drugs, and comprehensive detection can be completed through spectral scanning and 3D modeling, avoiding invasive examinations and radiation exposure. The system matches confirmed cases in a database through a deep learning algorithm, performs similarity matching and risk scoring, and provides doctors with clear and authoritative"
US-2021182108-A1,Optimizing distribution of heterogeneous software process workloads,A request is received to schedule a new software process. Description data associated with the new software process is retrieved. A workload resource prediction is requested and received for the new software process. A landscape directory is analyzed to determine a computing host in a managed landscape on which to load the new software process. The new software process is executed on the computing host.
KR-20250059754-A,"Device, method and program for acquiring feature data for material composition information based on artificial intelligence","A device, method, and program for acquiring feature data for material composition information based on artificial intelligence are disclosed. The device for acquiring feature data for material composition information includes a memory storing a first AI (Artificial Intelligence) model for outputting first feature data for the material composition information and a second AI model for outputting second feature data for structural information of the material, and a processor for executing or training the first AI model and the second AI model, wherein the processor can train the first AI model based on the second feature data for the material structure information output by the second AI model, or can train the second AI model based on the first feature data for the material composition information output by the first AI model."
CN-117875789-A,A data processing method and device for evaluating sponge city drainage effect,"The present invention discloses a data processing method and device for evaluating the drainage effect of a sponge city, the method comprising: obtaining precipitation sensor data, water pipeline sensor data and drainage pipeline sensor data of a target city area in a historical time period; based on the water pipeline sensor data, according to a preset data algorithm, determining the water storage data of the target city area in the historical time period; based on the precipitation sensor data and the water pipeline sensor data, based on a scene prediction algorithm, predicting the water scene of the target city area in the historical time period; based on the water scene and the corresponding mathematical relationship model of the preset scene and drainage effect, according to the drainage pipeline sensor data and the water storage data, calculating the drainage effect parameters corresponding to the target city area. It can be seen that the present invention can monitor the water s"
EP-1056007-A2,System and method of exchanging information between software modules,"A system includes a brokering arrangement for exchanging information
between software modules including notifiers which detect triggering events
having corresponding event classes and observers interested in receiving
notification of the happenings of the triggering events. The system includes a
broker, observers, and notifiers. The software modules are created in discrete
addressable locations of a single computer&#39;s memory or the memories of
multiple computers interconnected through a network. The broker maintains
one or more look-up tables having the identities and memory or network
locations of all notifier and observer software modules existing in the system, as
well as the classes of events with which the modules are concerned. Upon
creation of a new notifier or subscription to the broker by an observer module,
the broker adds the newly-created module to the one or more look-up tables,
which the broker then scans to match notifiers and observers having common
event classes. If"
US-2025245792-A1,Image processing method and storage medium,"An image processing method includes a step of generating an estimated image from an input image by using a plurality of machine learning models including a generative model and a non-generative model. In the step, the estimated image is generated by assigning different weights to output of the generative model and output of the non-generative model for each of a plurality of areas of the input image based on information regarding the input image."
CN-204202656-U,Dry Gas Tank Piston Monitoring Device,"The utility model discloses a kind of dry gas holder piston monitoring device, the dry gas holder piston monitoring device that a kind of reaction velocity is fast, measuring accuracy is high mainly for providing, maintenance workload is little.The utility model comprises several laser reflection plates be arranged on piston-top surface, be arranged on explosion-proof type laser range finder above corresponding laser reflection plate, the isolation safe grid be connected by shielded cable with explosion-proof type laser range finder and the secondary treating instrument be connected with isolation safe grid with laser reflection plate one_to_one corresponding.The utility model adopts the distance measured the reflection interval of laser reflection plate between each laser reflection plate and the explosion-proof type laser range finder of correspondence, then carries out data processing through secondary treating instrument, thus obtains the parameters of piston.Because laser beam is "
KR-20230134003-A,Dementia patient care system and method using artificial intelligence,"The present invention is a dementia patient care system and method using artificial intelligence, which collects the minutes of case management meetings of nursing facilities across the country to build a database, and analyzes the complex and diverse physical, mental, and environmental variables of residents through artificial intelligence. We are launching a technology that analyzes and derives the most objective and universal care plan for dementia patients."
CN-113515285-A,Method and device for generating real-time calculation logic data,"The invention discloses a method and a device for generating real-time computation logic data, and relates to the technical field of computers. One embodiment of the method comprises: converting the offline data processing logic into an abstract syntax tree by using a syntax analyzer; analyzing the abstract syntax tree to generate a first task set corresponding to the offline data processing logic; converting a first task in the first task set to generate a second task set; and generating real-time calculation logic data according to the second task in the second task set. The embodiment solves the technical defects of high cost caused by the fact that the grammar used by an off-line engine and the compiling grammar used by a real-time calculation engine are different greatly and the processing of full scene data and the expansion of services cannot be realized in the prior art, and further achieves the technical effect of improving the efficiency of generating real-time calculation lo"
US-2012127490-A1,"Electronic apparatus, method of controlling electronic apparatus, and storage medium storing electronic apparatus control method","An electronic apparatus includes a communication unit to communicate with other electronic apparatuses and a license management apparatus; a license file management unit to obtain license files from the license management apparatus; a license information management unit to manage license information to determine licensed software programs; an apparatus management unit to manage apparatus-related information including component parts information; and a license distribution management unit. The license distribution management unit confirms that licensed software programs are present. When transferring licenses for the confirmed software programs, the license distribution management unit requests and obtains the license information and the apparatus-related information from the other electronic apparatuses. The license distribution management unit conducts a searching process to identify the electronic apparatuses to which licenses are allowed to be transferred based on the obtained licen"
DE-602004026399-D1,"Device for entering, viewing and processing data, in particular medical data","The device has a compact disc-read only memory (CD-ROM) (2) for storing medical data. A data base server (4) records the data in the CD-ROM. The server and CD-ROM communicate with each other for exchanging data through a communication network e.g. Internet, across a computer (3). The CD-ROM has application software (7) for reading the data and writing new data to the CD-ROM, where the software can be executed entirely from the CD-ROM."
CN-118366560-B,Inverse synthetic analysis method and device based on search experience,"A retrosynthesis analysis method and device based on search experience, the method first constructs a reverse reaction template library, then constructs a SoftMax neural network model, trains the SoftMax neural network model through a cross entropy loss function and the reverse reaction template library; jointly generates a route search algorithm with the trained SoftMax neural network model and a tree search algorithm and performs an iterative route search, sets labels for all reverse reaction templates along the reaction route, and obtains an empirical data set; constructs an empirical model, and trains the empirical model through an empirical data set and a binary cross entropy loss function; adjusts the output probability of the empirical model by a probability distribution based on the Bayesian theorem, and obtains a posterior probability distribution of the reverse reaction template; generates a pre-reactant for the product through a route search algorithm according to the poster"
US-8721451-B2,Game play skill training,"Embodiments of the present invention provide a library of video related to game play involving the use of particular objects. By observing game play of users in a game play environment, determinations may be made as to users who excel at the use of a particular object. Video of game play related to these users and a particular object may be created, cataloged, and stored for later use by users that lack proficiency with that object. By observing video of game players with particular skill as to an object, less skilled players may improve their game play thereby avoiding frustration with a game, which may lead to a loss of interest. Acquisition and proffering of video may be facilitated through the use of an analytics server or functional software module that observes game play and identifies players of particular skill or lack thereof."
GB-2635284-A,Track segment cleaning of tracked objects,"The invention provides methods and systems for combining tracks of objects identified by a vehicle 102. The method comprises: detecting first 515 and second 525 track segments; determining a stitching score between the first and second track segments; and, in response to the stitching score satisfying a threshold, combining the first and second track segments to form a single track segment representative of an object exterior to a vehicle. The stitching score may be based on track features derived from track trajectory (710,Fig.7), point cloud data (720,Fig.7) and image features (730,Fig.7). The methods may employ track cleaning of tracks using a machine learning model based on neural networks. Claims are also included for generating a training data set by dividing a known single track, and for subsequently training a machine learning model. The invention could find application in autonomous vehicles (AV) where segmented tracks from the same road users and false tracks 545 can cause AV"
CN-114129379-A,A kind of pediatric acupuncture massage bed,"The invention relates to the technical field of pediatrics, in particular to a pediatric acupuncture and massage bed, which comprises a bed body 1 and a bed body 2. The left side of the bottom end of bed body 1 and the right side of the bottom end of bed body 2 are connected with sleeve rods through rotating shafts , and the circumferential outer wall of each set of rods is sheathed with a sleeve one, the bottom end of each sleeve one is provided with a rubber pad, the top of each fixing ring is sheathed with a vertical rod, and the top of each vertical rod is connected with a cross bar, And the circumferential outer wall of each crossbar is evenly covered with slip rings, the bottom ends of each slip ring are connected with decorative surrounding cloth through the clamping jaws, the circumferential inner wall of the sleeve two is covered with a soft frame two, and one end of the soft frame one is connected through the connecting shaft. The second rotation is provided with a display sc"
TW-M659435-U,A system that realizes human-computer interaction and evaluation suggestions through artificial intelligence,"A system for realizing human-computer interaction and evaluation suggestions through artificial intelligence, wherein a salesperson terminal device is respectively connected to a virtual customer artificial intelligence platform and an observer artificial intelligence platform, a model building device is respectively connected to the virtual customer artificial intelligence platform and the observer artificial intelligence platform, a first interface module is respectively connected to a virtual customer data generation module, a human-computer interaction module and a first modal conversion module, the virtual customer data generation module is respectively connected to a selection module, the human-computer interaction module is respectively connected to the selection module and a customer language model, a second interface module is respectively connected to a business service evaluation and suggestion module and a second modal conversion module, and a business service evaluation mo"
CN-114926260-A,Method and system for handling audit risks in bank outlets,"The invention provides a method and a system for processing audit risks of bank outlets, which relate to the technical field of big data processing, and comprise the following steps: for each bank outlet in a predetermined area, determining a risk category vector and a main risk category of the bank outlet; clustering the bank outlets in a preset area to obtain a plurality of bank outlet subsets; for each audit item, determining a probability density function of the sub-set of the bank outlets about the audit duration of the audit item according to the audit duration data; for each bank outlet, determining the auditor representative of each audit item; acquiring the audit data represented by the audit teller in real time; determining the risk of the audit; storing the audit data with risks into a block chain node of a bank outlet, uploading the audit data to a bank server, generating risk prompt information, sending the risk prompt information to an audit teller representative, receivi"
US-2016335161-A1,A pattern based configuration method for minimizing the impact of component failures,"A configuration is generated for a software that is to be deployed for providing high service availability to satisfy configuration requirements. One or more configuration patterns are identified, each of which specifies a set of attribute values and an actual recovery action for a failed component as a configuration option of the software. The unchangeable attribute values of the software are matched with the configuration patterns to obtain a matching configuration pattern, whose actual recovery action incurs a smallest component failure recovery impact zone. The matching configuration pattern is selected as at least a portion of the configuration of the software. Then the changeable attribute values of the software are set to the corresponding attribute values of the matching configuration pattern to satisfy the configuration requirements."
CN-114963964-B,Beidou-based ground surface and deep three-dimensional space deformation monitoring device and data processing method,"The invention discloses a Beidou-based surface and deep three-dimensional space deformation monitoring device and a data processing method. The measuring device includes a deep horizontal displacement monitoring module and a Beidou displacement monitoring module. The deep horizontal displacement monitoring module is located in the rock being monitored. Inside the soil, it is used to monitor the deep horizontal displacement of the rock and soil mass; a Beidou displacement monitoring module is fixed above the deep horizontal displacement monitoring module, and the Beidou displacement monitoring module is used to monitor the horizontal and vertical displacement of the surface through Beidou. The monitoring device has the advantages of high measurement accuracy and signal-to-noise ratio, good fusion, high stability and reliability, and low construction cost."
CN-115237696-A,"Method, system, module, device and medium for testing graphic processing unit","Provided are a method, system, module, device, and medium for testing a graphics processing unit running a game, the method including the steps of: automatically replay, by recording game play by a player, a game segment including one or more key scenes in the game running on the graphics processing unit one or more times; intercepting one or more game frames in the automatically replayed game segment; judging whether one or more game pictures have any defects by using an artificial intelligence model; determining compatibility and stability of the graphics processing unit based on a result of the determination and a hardware-related monitoring result of the graphics processing unit."
NO-325673-B1,Object-oriented simulation of hydrocarbon reservoir system,"A computer system for simulating transport phenomena in a complex system is described. The system includes memory aids, storage aids and an object-oriented software. The software includes an object-oriented, expandable class hierarchy that includes a first set of generic classes that represent a number of object types and a second set of generic classes that represent member variables for the object types. The expandable class hierarchy allows the addition of additional object types or additional member variables without any modifications to the class hierarchy itself. In another embodiment, the computer system also includes a logical interface that allows a user of the computer system to dynamically construct logic to customize simulation of the physical system, a means for converting the constructed logic to corresponding object-oriented code, a means for integrating the object-oriented code with a main simulation system, as well as a means for running the integrated simulation syste"
CN-115102541-B,Fast convergence frequency trimming circuit and method,"The invention belongs to the technical field of electrical digital data processing, and discloses a fast convergence frequency trimming circuit and method. The present invention uses the negative feedback loop circuit to calculate the phase difference according to the output frequency and the reference frequency of the clock chip with temperature compensation at the current chip temperature, obtain the corrected voltage according to the phase difference, and transmit the corrected voltage to the data The recording circuit and the data recording circuit are used to record the correction voltage in association with the current chip temperature of the clock chip, because the present invention realizes the output frequency and correction of the clock chip with temperature compensation by constructing a negative feedback loop circuit Convergence trimming of the voltage, and recording the corresponding relationship between the trimming voltage and the chip temperature. Compared with the manu"
WO-2011022279-A2,Background model for complex and dynamic scenes,"Techniques are disclosed for learning and modeling a background for a complex and/or dynamic scene over a period of observations without supervision. A background/foreground component of a computer vision engine may be configured to model a scene using an array of ART networks. The ART networks learn the regularity and periodicity of the scene by observing the scene over a period of time. Thus, the ART networks allow the computer vision engine to model complex and dynamic scene backgrounds in video."
CN-115015274-A,Magnetic core circumference side defect detection device based on optical fiber sensor,"The invention discloses a magnetic core circumference side defect detection device based on an optical fiber sensor, comprising an optical fiber sensing system, an automatic rotating table and a positioning device; the optical fiber sensing system comprises a laser light source, a fiber bundle with a Y-shaped branch structure, a photoelectric conversion module, Data processing and display module; the fiber bundle of the Y-shaped branch structure includes at least one transmitting fiber and one receiving fiber, and one end of the Y-shaped branch structure is used as a fiber probe for feeding back the reflected laser modulated by the magnetic core to be tested to the photoelectric conversion module ; The photoelectric conversion module converts the received optical signal into an electrical signal and amplifies the electrical signal; the data processing and display module processes and displays the amplified electrical signal, and when the signal has a sudden change beyond the threshold,"
CN-107134156-A,An intelligent traffic light system based on deep learning and its method for controlling traffic lights,"The invention discloses an intelligent traffic light system based on deep learning and a method for controlling the traffic light, wherein the intelligent traffic light system includes a data collection and processing module for real-time collection of images of intersections corresponding to traffic lights, and identification of vehicle type information, Traffic flow, vehicle queuing length and its corresponding passing time; deep learning module, including neural network and control model capable of simulating the human brain for analysis and learning. The neural network is input through time to form autonomous deep learning; the traffic light central control module is used to control the traffic light. An intelligent traffic light system based on deep learning disclosed by the present invention forms a control model through autonomous deep learning, and the control model can calculate the duration of the green light after controlling the next traffic light change according to the ve"
US-2022382774-A1,Techniques for accessing on-premise data sources from public cloud for designing data processing pipelines,"A system for simulating a dataset based on sample statistics, and generating pipeline instructions for a database using the simulated dataset, is disclosed. The system may be a cloud-based platform. The system can provide improved performance and security while designing and deploying Extract-Transform-Load (ETL) database pipelines to manage on-premises data. The system receives, from a remote client, sample statistics characterizing a distribution of data corresponding to a column of a database table. The system can generate, based on the received sample statistics, a simulated dataset representing the column of the database table. The simulated dataset may be generated using pseudo-random data values from a distribution with statistics matching the sample statistics. The system can build a simulated database relation based at least in part on the simulated dataset. The system can generate and deploy pipeline instructions using the simulated database relation."
EP-4369205-A3,Deterministic replay of events between software entities,"Deterministic replay of events between software entities. In current frameworks, replays of events (e.g., data communications) between software entities are non-deterministic and unreproducible. In an embodiment, as events are replayed, software entities, stimulated by those events, are queued according to a queuing strategy and executed from the queue. In an alternative embodiment, as software entities are executed, the events, output by those software entities, are queued according to a queuing strategy and played from the queue. Both embodiments ensure determinism and reproducibility across replays."
CN-119476949-A,Risk management method for health and maintenance travel,"The invention relates to the technical field of health care travel, in particular to a health care travel risk management method. The method comprises the steps of S1, collecting historical risk data of a playing place to form a historical risk data set, S2, dividing the historical risk data set into a training set, a verification set and a test set, constructing a risk prediction model, S3, predicting whether risks exist or not according to playing time and seasons of tourists through the trained risk prediction model, and S4, performing risk management and control during auxiliary tourist playing through cooperation of an intelligent bracelet worn on the tourist body and a data processing module. According to the health care travel risk management method provided by the invention, through the combination of the historical data and the real-time data, the risk prediction model predicts whether the risk exists, and meanwhile, the position, the physical health and the like of the touris"
CN-206450230-U,A kind of pedestrian track estimation device,"The utility model discloses a kind of pedestrian track estimation device, gathered data is uploaded to processing unit by the utility model by using the inexpensive collection portion and transport part inside device, and carry out data processing and positions calculations, final output positioning result using processing unit.Because processing unit of the present utility model can use existing various wide variety of intelligent terminals, therefore the hardware cost of the present apparatus only needs collection portion and transport part, so as to reach the purpose that high accuracy positioning is realized using inexpensive device."
CN-105159996-B,Depth question and answer service providing method based on artificial intelligence and device,"The invention discloses a kind of depth question and answer service providing method and device based on artificial intelligence, wherein method includes：Obtain problem information input by user；The user demand information of user is obtained according to problem information；Problem information is distributed to corresponding at least one question and answer service module according to user demand information；The question and answer that at least one question and answer service module returns are received as a result, and carrying out decision to question and answer result with the final question and answer result of determination.The depth question and answer service providing method and device based on artificial intelligence of the embodiment of the present invention, pass through problem information input by user, obtain the user demand information of user, and problem information is distributed to by least one question and answer service module according to user demand information"
CN-213660373-U,A pre-alignment device suitable for wafers of different sizes,"The utility model provides a prealignment device suitable for not unidimensional wafer, relates to wafer manufacturing technical field, solves the not enough technique that current wafer prealignment device can not be applicable to not unidimensional wafer, and the technical means who adopts includes: the device comprises a carrying platform, a cross-shaped supporting arm, a first stepping motor, a vacuum chuck, a second stepping motor, a silica gel roller, a cross-shaped sliding rail, a support, an image acquisition module and a data processing module, wherein the vacuum chuck is connected to the first stepping motor and synchronously moves up and down along with the first stepping motor on a central axis of the carrying platform so as to stretch out and draw back on the upper surface of the carrying platform; the second stepping motor part is arranged at the end part of the cross-shaped bracket arm and is connected with the silica gel roller which rotates on the cross-shaped bracket "
CN-120193807-A,Underground gas channeling treatment device,"The invention discloses an underground gas channeling treatment device which comprises a ground control and treatment system, a conveying system, an underground spraying device and a dynamic monitoring feedback module. The ground control and processing system comprises a logging truck, a control center and an integrated cable, wherein the logging truck and the control center are connected with the integrated cable and used for data processing and controlling the operation of an underground device, the other end of the integrated cable is connected with the underground device and used for transmitting data and power, the conveying system comprises a continuous oil pipe truck, a continuous oil pipe, a liquid storage tank (a), a liquid storage tank (b), a conveying pipeline (a) and a conveying pipeline (b) and used for conveying a solution and conveying an underground spraying device and a dynamic monitoring feedback module into the underground, the underground spraying device comprises a"
JP-2004151779-A,"Content rental system, rental method, server device, and program","An object of the present invention is to provide a content rental system capable of prohibiting the reproduction of content even if the disqualification of a member has expired even within the validity period of the rental, and which can easily identify a user who has made an illegal copy. .   When a content is reproduced by a user terminal device, a reproduction permission request must be transmitted to a license management device every time the content is reproduced, and reproduction permission information must be received from the license management device. The contents can be reproduced only when the membership is valid and within the rental validity period. The content distribution device 3 embeds the user identification information in the content as an electronic watermark based on the database storing the content, the user identification information and the content information transmitted from the rental management device 2, and is used by the user terminal device 1. Means for p"
CA-2079093-C,Method and system for automatically displaying and configuring a network monitoring system,"The method and system provide several pre-defined user templates that may be combined in various ways to represent all known network configurations of a digital cross-connect network. The system interrogates the user concerning the network configuration. The results of the interrogations determine the type of network monitor and control system configuration templates that the user will see. The system creates a database as a result of the combination of the templates and places on line the user templates and associated software to represent of the entire digital cross-connect network. This monitoring system can be used to not only vividly display the node from which a component error comes, but can illustrate the specific sub-component that provides the error and a representation of the various error lights that appear on the sub-component. The representation that the system displays appears on a computer screen and the accompanying software further allows the user to monitor, to repla"
WO-2018157862-A1,"Vehicle type recognition method and device, storage medium and electronic device","Disclosed are a vehicle type recognition method and device, a storage medium and an electronic device. The method comprises: acquiring a request to recognise a vehicle type of a vehicle in a target image; using a pre-set neural network model to recognise the vehicle in the target image as a target vehicle type, wherein the pre-set neural network model is obtained by training a deep convolutional neural network model for performing vehicle type recognition using a training set, the training set is an image set obtained by performing first pre-processing on images of a plurality of vehicle types, the first pre-processing is used for enhancing the robustness of the pre-set neural network model, and the plurality of vehicle types comprising the target vehicle type; and in response to the request, returning a recognition result comprising the target vehicle type. The present application solves the technical problem in the prior art of low accuracy when performing vehicle type recognition."
CN-108090443-B,Scene text detection method and system based on deep reinforcement learning,"The invention discloses a scene text detection method and a scene text detection system based on deep reinforcement learning, wherein the method comprises the following steps: training a feature extraction network; training a decision network; positioning the position of a scene text on an image to be detected through a feature extraction network and a decision network; the feature extraction network is a deep convolution neural network for scene text image feature extraction; the decision network is a neural network fitting a reinforcement learning Q value function. The method analyzes scene text detection into a vision-based continuity decision problem, and simulates the process that human eyes gradually focus on a target object from the whole image in daily life by combining reinforcement learning and a deep neural network; in the training process, the image information of the current positioning frame is well extracted by utilizing the deep neural network, and a model capable of po"
US-2003055944-A1,"Method and system for providing cross-platform, interoperable, rule-based software system","A method and system for providing a virus-immune, rule-base, cross-platform software system is disclosed. The system can be configured provide industry-specific and user-specific functionality to end-users without writing custom code. The system can be also be configured act as an industry-specific software product merely by changing the configuration information. The software system deploys in a client-server environment and delivers functionality independent of the client platform or operating system."
CN-117853258-A,A local pig breeding improvement system and method based on big data,"The present invention relates to the field of digital data processing technology, and specifically to a local pig breeding improvement system and method based on big data, including: collecting genetic data of pig breeding; integrating and preprocessing the collected data; mining the data through an association rule mining method to obtain genetic association rules; formulating a breeding plan based on genetic association relationships; controlling growth environment parameters and evaluating the implementation effect of the breeding plan. In this way, the breeding method can be continuously optimized and the quality of pig breeding varieties can be improved. In this way, pig breeding can be improved better with the help of big data to improve the quality of pig breeding."
US-12164451-B2,Data processing array interface having interface tiles with multiple direct memory access circuits,An integrated circuit (IC) can include a data processing array including a plurality of compute tiles arranged in a grid. The IC can include an array interface coupled to the data processing array. The array interface includes a plurality of interface tiles. Each interface tile includes a plurality of direct memory access circuits. The IC can include a network-on-chip (NoC) coupled to the array interface. Each direct memory access circuit is communicatively linked to the NoC via an independent communication channel.
US-2016140029-A1,Efficient method data recording,"According to one general aspect, a method may include monitoring the execution of at least a portion of a software application. The method may also include collecting subroutine call information regarding a plurality of subroutine calls included by the portion of the software application, wherein one or more of the subroutine calls is selected for detailed data recording. The method may further include pruning, as the software application is being executed, a subroutine call tree to include only the subroutine calls selected for detailed data recording and one or more parent subroutine calls of each subroutine calls selected for detailed data recording."
CN-111651974-A,Implicit discourse relation analysis method and system,"The invention provides an implicit discourse relation analysis method based on a semantic-syntax dual-channel graph convolution network, and belongs to the technical field of natural language processing application. The method comprises the following steps: firstly, the corpus is participled. Pre-processing such as constructing a word list and the like, and then initializing a word vector by utilizing GloVe. And respectively inputting the two initialized arguments into a Bi-LSTM code to obtain the word expression fused with the context information. The Bi-LSTM output is used to subsequently initialize a representation of a graph node in the dual-path graph convolution network. The dual-path graph convolution network comprises two GCN networks, corresponding features are extracted from the interactive structure graph and the syntax structure graph respectively, and different features obtained by the two paths are spliced for classification. And updating the parameters in the model by ad"
CN-121392849-A,A Method and System for Scene Reconstruction and Semantic Understanding Based on Large Visual Models,"The invention provides a scene reconstruction and semantic understanding method and system based on a vision large model, and relates to the field of computer vision and three-dimensional reconstruction, wherein the method comprises the steps of obtaining multi-view image data of a target scene, inputting a pre-training vision large model, and outputting a joint feature representation and attention weight matrix; generating three-dimensional coordinate values and semantic probability distribution of space sampling points in a three-dimensional space according to the joint feature representation, constructing a space semantic field, clustering the space sampling points by using a attention weight matrix, performing semantic consistency enhancement, converting the space sampling points into deterministic semantic labels, constructing a geometric optimization objective function, adjusting the three-dimensional coordinate values, extracting continuous space sampling points of the same sema"
CN-114419376-B,A Multimodal Progressive Federated Learning Image Recognition Method,"The invention discloses an image recognition method for multi-modal progressive federated learning, comprising the following steps: first extracting feature information of multi-modal images, and then constructing a progressive neural network with training set data as input and participating in federation as a participant Learning, then use the training set data to train the neural network model, and upload the gradient information to the main server in an encrypted manner, then the main server updates the model parameters and sends them to each progressive neural network, and then judges whether the progressive network output vector satisfies the real Image features and recognition results are determined to realize the multi-modal image recognition process; the invention integrates the idea of federated learning to ensure the privacy and security of data in collaborative training, and can obtain high performance even when samples are insufficient and scattered, fully relying on multip"
BE-1022975-A1,PLC for an industrial laundry machine and control software therefor,"PLC for an industrial laundry machine or a control software therefor, provided with a copy function to copy programs stored in the PLC via a local network to a PLC of other industrial laundry machines, provided with offsite support that enables an external party to use a VPN exchange data and / or install operating software updates, provide statistical buffering to collect static data about the industrial laundry machine and forward it to a central system in the local network when not connected to a local network -connection to the local network on the PLC, and provided with a remote control function that allows a user to use a mobile terminal to  
     
      to set up a laundry machine via a network interface. osh."
CN-109908578-A,"A game shock control method, terminal and computer-readable storage medium","The invention discloses a game vibration control method, a terminal and a computer-readable storage medium. The method obtains, in real time, an audio signal to be tested when a terminal game is running, and extracts a feature vector of the audio signal to be tested when a detection instruction is received. Synchronously input into the neural network model; use the neural network model to determine whether the audio signal to be tested is the target signal that needs to be vibrated, if so, control the motor of the terminal to vibrate; if not, control the motor of the terminal to stop vibrating or maintain a non-vibrating state The neural network model is preliminarily obtained by modeling in the following manner: acquiring the audio data to be analyzed that needs to be vibrated; using a neural network algorithm to perform deep learning on the audio data to be analyzed to obtain the neural network model; the invention also discloses a terminal and a computer-readable storage medium, by "
CN-118824397-A,Protein ligand affinity prediction method based on attention mechanism and sequence fusion,"In the field of drug discovery, calculating the binding affinity between drugs and target proteins is a key step. This affinity can measure the size of the interaction between drugs and target proteins. However, the calculation process requires a huge cost. The use of deep learning methods can significantly shorten this process, reducing a lot of time and cost. There are currently many types of deep learning methods that can calculate affinity, such as sequence-based models, graph-based models, and multimodal-based models. However, these two types of models have certain defects, such as the way of building graphs and atomic properties will affect the model effect. To solve these problems, we proposed a protein ligand affinity prediction method based on attention mechanism and sequence fusion, named SAPLA."
US-12020087-B2,Flexible and scalable artificial intelligence and analytics platform with flexible content storage and retrieval,"Systems and methods for content management wherein a client can submit requests to a first API which the forwards the requests to either an IMDB or a gateway to a distributed cluster-computing framework. Requests to the IMDB are serviced and responses from the IMDB are returned to the client. Requests that are forwarded to the gateway are first modified for the distributed cluster-computing framework, and are then parsed by the gateway and used to instantiate processors that generate corresponding requests to the distributed cluster-computing framework. Responsive data from the distributed cluster-computing framework is used to generate responses to the client requests that are forwarded to the first API which modifies them to appear as if they were generated by the IMDB. These modified responses are returned by the first API to the client."
JP-H0816415-A,Information processor,"PURPOSE:To provide an information processor which can utilize resources such as a CPU and a memory without causing plural software programs which are executed at the same time to interfere with each other. CONSTITUTION:The information processor has kits 1 and 2 of only execution element procedures, an SKI 3 which constitutes the kits 1 and 2 without depending upon an OS 7 characteristic of hardware and stores and processes their flows, a BASE 4 which saves and processes shared data, an OS I/F 5 which places the kits 1 and 2 and BASE in operation without depending upon the OS, an API 6 which adapts software 25 so that the software can be handled similarly to the kits, and a resource manager 10 which rearranges requests to use the resources from the kits 1 and 2 and existent software and properly allocates the resources so that the same resource is not used by plural kits and software."
CN-112114963-A,Server memory capacity prediction method and device,"The invention discloses a server memory capacity prediction method and device, wherein the method includes: obtaining memory usage data and corresponding time point data; inputting the memory usage data and corresponding time point data into a trained LSTM neural network The model predicts the memory capacity of the server, and the LSTM neural network model is trained according to the historical memory usage data and the corresponding historical time point data. The invention can predict the memory capacity of the server, expand the applicable scope of the data, and reduce the maintenance cost."
EP-3432493-A1,"Method, device and system for data processing in ethernet","Embodiments of this application disclose a data processing method, a related device, and a system. The method in the embodiments of this application includes: receiving, by a first network device, PDH frame data; performing, by the first network device, virtual-container mapping processing on the PDH frame data: loading the PDH frame data and a stuffing bit into a virtual container, to obtain the virtual container that includes the PDH frame data, where the stuffing bit in the virtual container carries information about a clock frequency difference between a clock frequency of the Ethernet and a clock frequency of the PDH frame data; and performing, by the first network device, virtual-container pseudo-wire emulation edge-to-edge PWE3 encapsulation on the virtual container to obtain a virtual-container PWE3 packet. According to the embodiments of this application, difficulty in recovering the clock frequency of the PDH frame data when the PDH frame data is transmitted in the Ethernet i"
CN-120235146-A,Deep learning-based organization name normalization method,"The present invention relates to the technical field of deep learning and natural language processing, and specifically provides a method for normalizing institution names based on deep learning, which has the following steps: S1, address retrieval and context selection; S2, multi-granularity feature embedding; S3, context encoding and bidirectional matching; S4, similarity calculation and synonym judgment; S5, training target; S6, synonym relationship recognition and normalization. Compared with the prior art, the present invention can automatically and accurately normalize institution names of different forms, and improve the consistency and processing efficiency of institution names in document data."
CN-111475267-B,"Automatic scheduling method and device for system tasks, computer equipment and storage medium","The invention relates to the technical field of artificial intelligence, and provides a system task automatic scheduling method, a device, computer equipment and a storage medium, wherein the system task automatic scheduling method comprises the following steps: if the obtained system pressure value is larger than the preset pressure value, obtaining an execution task in the target system and n indexes corresponding to the execution task, and determining the priority of the execution task according to the n indexes; scheduling each execution task according to the obtained thread connection number, occupation ratio and priority, and obtaining a target pressure value; if the target pressure value is smaller than the preset pressure value, completing the scheduling processing of each execution task; and if the target pressure value is greater than or equal to the preset pressure value, scheduling the execution task according to the feedback of the target user until the target pressure val"
TW-202008764-A,Internet of things home appliance system and its control method,"An Internet of Things home appliance system includes a management server, a first home appliance device, and a second home appliance device. A first human body sensing unit of the first home appliance is used to sense the number of people in a first predetermined area adjacent to the first home appliance to generate a first human body sensing result. A second human body sensing unit of the second home appliance is used to sense the number of people in a second predetermined area adjacent to the second home appliance to generate a second human body sensing result. The operation effect of the second home appliance device covers the first predetermined area and the second predetermined area. When the server unit determines that the first human body sensing result and the second human body sensing result jointly meet a predetermined condition, the server unit generates and transmits an operation setting command for controlling the operation of the second home appliance to the second home a"
US-7376020-B2,"Memory using a single-node data, address and control bus","An integrated circuit digital device is coupled to a memory with a single-node data, address and control bus. The memory may be a non-volatile memory and/or volatile memory. The memory may be packaged in a low pin count integrated circuit package. The memory integrated circuit package may have a ground terminal, V SS ; a power terminal, V DD  or V CC ; and a bidirectional serial input-output (I/O) terminal, SCIO. Memory block address set-up may be performed via software instructions through the SCIO terminal. In addition, hardwired memory block address selection terminals A 0  and A 1  may be used when more then three terminals are available on the memory integrated circuit package. The memory may have active pull-up and pull-down drivers coupled to the single-node data, address and control bus."
CN-118762010-A,Orthopedics image data processing method based on infrared image,"The invention discloses an orthopedic image data processing method based on infrared images, which relates to the field of image processing and comprises the following steps: setting an image processing platform, acquiring orthopedic image data, analyzing and processing the orthopedic image data, setting image feature areas and corresponding diagnostic models; collecting infrared spectrum images and traditional orthopedic images according to patient information; performing edge processing on traditional orthopedic images based on edge detection algorithms, judging the image feature areas to which they belong, and inputting the traditional orthopedic images into the diagnostic model; judging whether there is a disease, and setting a basic lesion area according to the judgment result; setting a correlation radius according to the basic lesion area, and according to the correlation radius and the infrared spectrum image; acquiring comprehensive infrared data information in the correspondi"
ES-2165812-A1,AUTONOMOUS ELECTRONIC TIME CERTIFICATION DEVICE.,"Autonomous electronic time certification device that assigns a reliable date and time to a data object in electronic format without connecting through any communication network to a time certifying authority and characterized by being transportable and being able to connect to any generator/filing system of data objects in electronic format. It is basically made up of a series of physically protected elements (8), such as a microcontroller (1) within which the necessary software (2) is executed, a memory (3), a real time clock (4) on which the process will be based, a communications port (5) and the necessary power supply (6) and (7) for operation. It is applicable in all those environments where data objects are generated or processed in electronic format, such as public administration, banking, electronic commerce, etc. and in general in any where there is an entry or exit record."
CN-109034217-A,Grain size intelligent rating method based on image recognition deep learning technology,"The invention relates to the intelligent rating technology of grain size based on deep learning. The invention solves the problems of low precision, imperfect rating standards, semi-quantitative and relatively large subjective factors in the current artificial grain size rating execution process. The present invention proposes a grain size intelligent rating method based on image recognition deep learning technology. The key points of the technical scheme are as follows: firstly, the grain size rating image database of different materials is collected, and the grain size image information and grain size grade are extracted Label and perform image preprocessing; secondly, divide the grain size rating image database into training set, verification set and test set, and set the ratio of training set, verification set and test set according to needs; then, divide training set and verification set For the training of deep neural network; then, use the training model of deep neural network t"
DE-112020000413-T5,DETECTION OF ORIENTATION POINTS USING CURVE FITTING FOR APPLICATIONS FOR AUTONOMOUS DRIVING,"In various examples, one or more deep neural networks (DNN) are performed for regression on control points of a curve, and the control points can be used to perform a curve fitting operation - e.g. B. a Bezier curve fit - to identify locations and geometries of landmarks in an environment. The outputs of the DNN can thus indicate the two-dimensional (2D) image-space and / or three-dimensional (3D) world-space control point positions, and post-processing techniques - such as clustering and temporal smoothing - can be performed to locate and position landmarks precisely and in real time. As a result, reconstructed curves corresponding to the landmarks - e.g. Such as lane line, road gauge, zebra crossing, mast, text, etc. - can be used by a vehicle to perform one or more operations to navigate a surrounding area."
CN-113393017-B,A safety early warning method and device for supervision sites based on complex relationships of individuals,"The invention discloses a safety early warning method and device for supervision places based on the complex relationship of individuals. All individual time snapshots are obtained within a time window, CNN convolutional neural network is used for time information fusion, and a first GCN graph neural network is used to obtain personal information. The interrelationship matrix and the time-individual information representation matrix combine the risk of space, so that individuals with spatial similarity can learn from each other collaboratively, and the learned weight matrix can obtain the similarity of the spatial dimension. The second GCN graph neural network is used to fuse the relationship between regions and individuals, so that the risk index transitions from individuals to regions. The third GCN graph neural network is used to integrate the risk information of the region into the overall risk through the relationship between the whole and the region to predict the overall risk of"
WO-2025177073-A1,Model weighting compression,"Provided in the embodiments of the present disclosure are model weighting compression methods, a device and a storage medium. A method comprises: acquiring a model weighting in a first data format of a neural network model; converting the model weighting in the first data format into a model weighting in a second data format, the data length of the second data format being smaller than the data length of the first data format; performing compression processing on the model weighting in the second data format; and storing the compressed model weighting in a video memory. The present disclosure converts the model weighting in the first data format of the neural network model into the model weighting in the second data format, so as to shorten the data length of the first data format; and the present application then performs compression processing on the model weighting in the second data format which has the shortened data length, and stores the compressed model weighting in the video m"
EP-1621973-A3,Keyboard with special symbol key and code exchange method for such key,"A keyboard includes at least one special symbol key, a controller and a middleware. The controller asserts a code signal when the special symbol key is depressed. The middleware performs a matrix mapping procedure to convert the code signal into a new one conforming to an operation system of the data processing device if the code signal is not identical to that of the operation system."
CN-114779732-A,"Vehicle testing method, apparatus, electronic equipment and storage medium","The invention provides a vehicle testing method, a vehicle testing device, electronic equipment and a storage medium, wherein acquired driving data after offline processing comprises image data and signal acquisition data; classifying the signal acquisition data based on simulation test software to obtain classification data, and generating a target file based on the classification data; generating a bus information file based on a preset communication protocol and the classified data; performing corresponding association on the classification data in the target file and the bus information file based on experiment management software to obtain associated data; the associated data and the image data are transmitted to the experiment terminal, so that the experiment terminal carries out simulation test on the vehicle based on the associated data and the image data, the simulation test based on the off-line driving data and the image data is realized, the high efficiency of virtual simul"
US-2023077270-A1,Processing Matrix Operations for Rate Limited Systems,"Data to be processed includes vector element values of an input vector and matrix element values of a model matrix associated with a neural network model. A vector-matrix multiplication module receives a set of matrix element values for performing a vector-matrix multiplication operation. Processing the data includes computing a plurality of intermediate vectors based on element-wise vector multiplication between different subsets of the vector element values and different respective pre-processing vectors. The vector-matrix multiplication module is loaded with a core matrix, and the input vector is multiplied by the model matrix based on separately multiplying each of the intermediate vectors by the loaded core matrix."
EP-1703391-A3,Vehicle control software and vehicle control apparatus,"The invention relates to a vehicle control software includes control data serving as information for controlling a vehicle; a public side software component (1) serving as a software component for laying open the control data; a plurality of reference side software components (7, 8, 9) each serving as a software component for referring to the control data; and data conversion software (3) for converting a data format when transferring the control data between the public side software component (1) and each of the reference side software components (7, 8, 9). In this vehicle control software, the data conversion software (3) is subjected to an activate request at a predetermined timing, makes a reference request of the public side software component (1), and converts the acquired control data into a data format to which the public side software component (1) refers."
KR-100219171-B1,Method for realizing the zoom function using software of a video conferencing camera,"Disclosed is a method for implementing a software zoom function of a videoconferencing camera, the method for implementing a zoom function of a videoconferencing camera comprising the steps of: (1) receiving a key signal for performing a zoom function; 2) When the key signal inputted through the step (1) relates to zoom in, the image data output from the image pickup device of the camera is cut into a size smaller than the QCIF (Quater Common Intermediate Format), and the key signal. Is to zoom out, cutting out the image data to a size larger than QCIF, and (3) reconstructing and outputting the image data obtained in step (2) to a QCIF size. Such a method of implementing a zoom function in software does not increase the unit cost of the product, and provides the convenience of simply adjusting the image size displayed on the monitor."
WO-2019196236-A1,"Semantic role analysis method, readable storage medium, terminal device and apparatus","The present application belongs to the technical field of computers, and relates in particular to a semantic role analysis method, a computer-readable storage medium, a terminal device and an apparatus. The method comprises: in the process of part-of-speech analysis, one neural network model is used for forward part-of-speech analysis, and another neural network model is used for reverse part-of-speech analysis. In the process of semantic role analysis, one neural network model is used for forward semantic role analysis, and another neural network model is used for reverse semantic role analysis. Thus, an originally complex neural network model is divided into relatively simple neural network models, and then the output of each neural network model is comprehensively processed to obtain a result. Due to the simplification of the neural network model structure, the computational load is greatly reduced and the analysis efficiency is improved."
KR-20200095951-A,GPU-based AI system using channel-level architecture search for deep neural networks,"Disclosed are an artificial intelligence system and a training model search method. The training model search method of the artificial intelligence system comprises the following steps of: receiving, by an operator included in a first node, a first channel; deriving, by the operator included in the first node, a first parameter weight index corresponding to the weight of a first parameter by calculating the first parameter corresponding to each of first channels inputted and the input first channel; generating and outputting a second channel group by combining the first channel and other channels; receiving, by an operator included in a second node, a second channel included in the second channel group; and deriving, by the operator included in the second node, a second parameter weight index corresponding to the weight of a second parameter by calculating the second parameter corresponding to the input second channel and the input second channel."
CN-119004382-B,"Data processing method, device, electronic equipment, medium and product","The disclosure relates to the technical field of data processing, and discloses a data processing method, a device, electronic equipment, a medium and a product. The disclosure provides a data processing method, which comprises the steps of obtaining a first numerical value feature sequence of original data, carrying out rotary position coding processing on the first numerical value feature sequence based on a preset target dimension to obtain a rotary position coding vector of the original data, determining a first model numerical value feature sequence corresponding to the target dimension in a target data processing model, determining a target numerical value feature vector based on a fusion result of the rotary position coding vector and the first model numerical value feature sequence, and processing the target numerical value feature vector through the target data processing model to obtain a target result. The method can enhance the capability of capturing the relation between t"
EP-3724825-A1,Context-based search using spike waves in spiking neural networks,"Techniques and mechanisms for servicing a search query using a spiking neural network. In an embodiment, a spiking neural network receives an indication of a first context of the search query, wherein a set of nodes of the spiking neural network each correspond to a respective entry of a repository. One or more nodes of the set of nodes are each excited to provide a respective cyclical response based on the first context, wherein a first cyclical response is by a first node. Due at least in part to a coupling of the excited nodes, a perturbance signal, based on a second context of the search query, results in a change of the first resonance response relative to one or more other resonance responses. In another embodiment, data corresponding to the first node is selected, based on the change, as an at least partial result of the search query."
CN-115904789-A,"Chip fault processing system, method and related equipment","The present application provides a chip fault processing system, method and related equipment, the system is applied to chips, and the fault processing system includes a management module and a control module. The management module is used to receive one or more fault signals, and according to one or more fault signals, determine the fault with enabled fault response function as the target fault, and then report the target fault to the control module; the control module is used to Each target fault is responded to respectively, wherein the response includes one or more of an alarm interrupt, a system reset signal, or a non-maskable interrupt. When using the chip, the user can determine which faults the chip responds to according to needs, and enable the response function of the fault that needs to be responded to through the software. Only when the user enables the fault response function enabled, will the corresponding fault occur. It is confirmed by the chip as the target fault, so t"
DK-2814650-T3,"Device for use in a mold for thermoforming, molds of this type which provide a curved, double curved dynamically reconfigurable surface with an open structure","A device (2) is indicated for use in thermoforming moulds, for moulds of the type that provides a curved, double-curved dynamically reconfigurable surface (4) with an open structure, characterised by the curved, double-curved dynamically reconfigurable surface (4) with the open structure being defined by interpolationbetween spaced rod- and/ribbon-shaped elements (16, 18, 20, 22, 24) consisting of a flexible system comprising a number of angled layers (6, 8, 10, 12, 14) ofspaced, point-supported parallel rod- and/or ribbon-shaped elements (16, 18, 20,22, 24) of elastically deformable material, in which relatively offset anchor points (28, 30, 32, 34) for the point-supported rod- and/or ribbon-shaped elements (16,18, 20, 22, 24) via the upward-facing, highest located surfaces (26) of the rod- or ribbon-shaped elements (24) define the double-curved reconfigurable surface (4). The anchor points (28) are connected to the free ends (44) of actuators (46) that can be displaced independently "
EP-1816584-A2,Electronic tag reading/writing station,"The present invention relates to a read / write station (ST) comprising a housing (1) notably including a memory (M) and an antenna (AN) for exchanging non-contact data by inductive technology with electronic tags (ET, ETI) each having an antenna (5, 8), a memory (60, 70) and data processing means (61, 71) for interpreting requests sent by the station (ST), characterized in that:
An electronic tag, called an integrated electronic tag (ETI) capable of storing data in its memory (70), is integrated in the reading station (ST),
the integrated electronic tag (ETI) is located in the reading station (ST) within range of the antenna (AN) of the reading station (ST). The integrated electronic tag (ETI) in particular makes it possible to store data relating to the configuration of the reading station (ST) and / or application data."
US-11551652-B1,Hands-on artificial intelligence education service,"Indications of sample machine learning models which create synthetic content items are provided via programmatic interfaces. A representation of a synthetic content item produced by one of the sample models in response to input obtained from a client of a provider network is presented. In response to a request from the client, a machine learning model is trained to produce additional synthetic content items."
CN-213861566-U,A recording board for computer software development,"The utility model discloses a recording board for computer software development, comprising a recording board body, two sliding grooves are symmetrically opened on the upper surface of the recording board body, and two sliding blocks are slidably connected to the inner side walls of the sliding grooves. A first block is welded on the top of the slider, a first sleeve is hinged at the center of the upper surface of the first block through a pin, and a first inner rod is slidably connected to the inside of the first sleeve. The outer side wall of the first inner rod is welded with a connecting rod, and the bottom of the connecting rod is welded with a first fixing plate; when the device is in use, the first fixing plate, the first magnet plate, the second magnet plate and the box are welded. The device is used in combination with the main body to fix the paper and the record book placed on the recording board body. When it is used, it is affected by external factors, causing the paper an"
CN-217007990-U,An intelligent monitoring device for substation drainage pump based on Internet of Things technology,"The utility model belongs to the technical field of drainage pump monitoring devices, and particularly relates to an intelligent monitoring device for a drainage pump of a transformer substation based on the technology of Internet of things; the system comprises an electric quantity acquisition device, a control device and a control module, wherein the electric quantity is used for monitoring the abnormal state of a drainage pump motor and controlling the operation of the drainage pump motor; the state quantity acquisition device acquires opening and closing state information of a plastic shell switch in the motor soft start cabinet and monitors and controls the state of the plastic shell switch; the LoRa communication device is in wireless communication with other equipment; the power management device is used for providing uninterrupted power supply for the monitoring device; the wireless water level sensor is used for monitoring the water level in the water storage tank in real time"
CN-112528299-B,Deep neural network model safety protection method in industrial application scene,"The invention discloses a deep neural network model safety protection method in an industrial application scene, which comprises the following steps: s1, analyzing safety requirements; s2, designing a safety service; s3, layer-aware security service allocation: before the DNN model runs, appropriate confidentiality protection service and integrity protection service are distributed to each layer of the DNN model under the condition that real-time constraint is not violated; and S4, scheduling in a running process. The invention uses the symmetric encryption algorithm to provide parameter confidentiality protection for the DNN model, uses the HMAC algorithm to provide parameter integrity protection for the DNN model, and can effectively prevent the DNN model information from being leaked. The method integrates a layer-aware security service allocation algorithm and a runtime scheduling strategy, the system can allocate the most appropriate security service to each layer of the DNN model"
CN-116505330-A,Expandable modularized intelligent socket based on Internet of things,"The invention discloses an expandable modular smart socket based on the Internet of Things, which belongs to the technical field of the Internet of Things and smart home. The technical problem to be solved by the invention is that the existing smart The product cannot be intelligently controlled, and the technical solution adopted is: its structure includes a socket body and an expandable unit, and the expandable unit includes an expandable MCU, a number of expandable sensors, and a number of expandable inscon interfaces; the expandable unit is based on Different extended sensor application requirements will connect the corresponding extended sensor to the socket body through the inscon connection protocol to realize intelligent control and data collection."
US-2008052024-A1,Method and Apparatus for Quantitating Surface-Binding Optical Resonance Profiles,Empirical profile curve fits ( 260 ) are used to quantitative the surface optical resonance profiles ( 268 ) using two EPF stages of calibration and fit. The calibration surface binding optical resonance scan is obtained with fine angle or wavelength spacing over a range including the full resonance profiles for all regions. The main calibration module ( 210 ) together with the first derivative curves and the diagnostic information generates each profile region of interest. The individual ROI scans are used for measurements of the resonance shifts relative to the empirical profile. In a preferred embodiment the instrument control and data acquisition software sets the internal parameters in the EPT calibration module and sends the raw data from a calibration scan to the EPF Calibration module which funnels the data through a sub sampler and a Savitsky-Golan smoothing routine before taking derivatives and characterizing the data to create the empirical profile for the chip ( 202 ).
CN-114281035-A,Production safety operation and maintenance monitoring management system,"The invention relates to the technical field of semiconductor production, and in particular to a production safety operation and maintenance monitoring and management system, which includes a plurality of stand-alone auxiliary equipment, as well as data link integration equipment and centralized control management equipment, each of which is integrated with the data link. The equipment is connected, and the data link integration equipment is connected with the centralized control management equipment. The different data links of each stand-alone auxiliary equipment are integrated through the data link integration equipment, and the data integrated by the data link integration equipment is analyzed and processed through the centralized control management equipment, which can realize centralized monitoring and automatic inspection of the stand-alone auxiliary equipment. and health monitoring, etc. Reduce the operation risk of stand-alone decentralized equipment. From different levels suc"
RU-2632148-C2,System and method of search results rating,"FIELD: information technology. 
     SUBSTANCE: in the method perform the search request receipt from the electron keyword device, including the first and the second search results, the ranking of the search results list, so that the first and the second search results are located at the first and the second SERP positions respectively, the prediction of the first interest parameter for the first search result, based on the first machine learning algorithm, the prediction of the second interest parameter for the second search result, based on the second machine learning algorithm, different from the first algorithm, prediction of the utility parameter for the first search result, based on the third machine learning algorithm and the first and the second interest parameters, adjusting the position of the first search result in the ranked search results list, based on the predicted utility parameter, so that the first search result appears on the adjusted position in the ranked search re"
ZA-202405944-B,A method for extracting image elements based on phase-change neural networks,"This invention relates to a method for extracting image elements based on phase-change neural networks. It includes the following steps: acquiring the original image and identifying the object contours within it; converting the original image to grayscale to obtain a grayscale image; dividing the grayscale image into a predetermined number of local images and determining the optimal threshold for each local image to distinguish between background and target images; calculating the graphical similarity between the contour of each target image and the corresponding object contour in the original image, and adjusting the optimal threshold accordingly at a second similarity level; detecting the number of noise points extracted from any local image containing target images and adjusting the number of divided local images at a second quantity level; merging and reconstructing target images to output a binary image, smoothing the binary image to obtain a feature image; inputting the feature i"
US-12393828-B2,Method and apparatus for neural network quantization,"According to a method and apparatus for neural network quantization, a quantized neural network is generated by performing learning of a neural network, obtaining weight differences between an initial weight and an updated weight determined by the learning of each cycle for each of layers in the first neural network, analyzing a statistic of the weight differences for each of the layers, determining one or more layers, from among the layers, to be quantized with a lower-bit precision based on the analyzed statistic, and generating a second neural network by quantizing the determined one or more layers with the lower-bit precision."
CN-104915102-A,Graphical interface interaction method and device,"The invention discloses a graphical interface interaction method and device. Wherein, the method includes: obtaining the preset first graphic element and the second graphic element; filling the display interface with the predetermined area in the first graphic element and the second graphic element; acquiring a trigger signal; according to the trigger signal, the The first graphic element is moved from the predetermined area to the predetermined direction by the first distance; according to the trigger signal, the second graphic element is moved to the predetermined direction by the second distance. The invention solves the problems in the prior art that the development of the dynamic interactive interface is cumbersome and has low versatility due to the use of the dynamic interactive interface produced by animation software."
US-9201477-B2,Power management with thermal credits,"A power management system, in one embodiment, determines a thermal status (e.g. a temperature or a calculation of power consumption) of at least a portion of a data processing system, and based on that status, thermal credits are calculated and then used to determine a voltage dithering pattern and a voltage boost pattern."
CN-106444712-B,An automatic test system for CAN/LIN network interference,"The present invention relates to a kind of CAN/LIN network interferences automatization test systems, comprising: host computer (network interferences automatic test software), arbitrary waveform signal generator, signal interference coupler, bus monitoring device, relay matrix, I/O simulation card, load simulation board, analog input card, power supply unit；It is divided into management module, uniformity test module and network interferences module；It is characterized by: system carries out automatic, quick interference direct fault location test, and the information such as diagnostic message, bus signals are read by uniformity test after direct fault location automatically, is tested front and back state vs analysis, quickly confirm automobile control unit state.It confirms controller interference rejection ability by monitor controller bus state.This test tracks as exemplar is from initial stage design, exploitation until be upgraded to certified products exemplar, solves the prob"
CN-112986821-A,Fault diagnosis method for broken rotor bar of pitch motor of offshore wind turbine,"Fault diagnosis method for broken rotor bars of pitch motor of offshore wind turbines. The three-phase current characteristics of the pitch motor are collected from the centralized control center of offshore wind power, and the three-phase current is preprocessed by park transformation, and the fault characteristic quantity is determined. Then, the samples are provided to the stacked autoencoder through deep learning to generate deep fault features, which are finally used for the identification of broken rotor bars. The invention adopts the stacked self-encoder diagnosis after performing Park transformation feature preprocessing on the stator current, and has higher fault diagnosis accuracy than the traditional deep learning method or direct current analysis of fault features."
CN-114785823-A,An intelligent control platform for IoT data center,"The invention discloses an intelligent control platform of an internet of things data center, which comprises: the agricultural unit transmits information through the sensing system, the sensing system comprises a humidity sensor, a temperature sensor and a wind power sensor, and signals are transmitted between the sensing system and the information transmission system through a wireless system. The data center intelligent control platform of the Internet of things; through the setting of this control platform, can realize monitoring work to agricultural product to its growing environment in process of production, the content of control includes the humidity of soil, the temperature, information such as carbon dioxide&#39;s content in the air monitors work, and to agricultural product when ripe, collect the summary to its transaction information, the information of transaction quantity, the realization is from growing to the information collection work of a dragon formula when ripe to "
WO-2024236410-A1,Converting a sequence of speech records of a human subject into a sequence of indicators of a physiological state of the subject,"A system (20) includes a memory (30) and a processor (26). The memory (30) is configured to store a machine learning (ML) model (46) trained using a plurality of sequences of speech records of humans having each at least one of a respective known physiological state, psychological state and emotional state. The processor (26) is configured to (i) receive a sequence of speech records of a human subject (22), (ii) apply the trained ML model (46) to infer from the sequence of speech records of the human subject a sequence of one or more indicators indicative of at least one of a physiological state, a psychological state, and an emotional state of the human subject (22), and (iii) make the indicators available."
WO-03034197-A2,Controller selectable hyperlinks,A data processing system for connection to a network utilizing a guidance diagram overlay on a network page with selectable options associated with input controller keys to facilitate network navigation and a method for rendering a guidance diagram overlay on a network page.
US-2010091081-A1,Adaptive correction system,"Adaptive correction techniques are disclosed that adaptively correct aberrations which may arise in systems such as laser printers, for example. For laser printers, calibration data processing results may be detected by a detector that is disposed to correspond physically to the recording medium so that characteristics such as position and intensity of a laser beam at the detector corresponds to that of a laser beam at the recording medium. In this way, aberrations in system performance may be adaptively corrected while the system is performing operational processes."
CA-3001304-A1,"Systems, methods, and devices for an enterprise internet-of-things application development platform","Systems, methods, and devices for a cyberphysical (IoT) software application development platform based upon a model driven architecture and derivative IoT SaaS applications are disclosed herein. The system may include a time-series data component to receive time-series data from time-series data sources. The system may include a relational data component to receive relational data from relational data sources. The system may include a persistence component to store the time-series data in a key-value store and store the relational data in a relational database. The system may include a data services component to extract, transform, and load aggregate data into a multi-dimensional data store; implement a type layer over a plurality of data stores comprising the key-value store, the relational database, and the multi-dimensional data store. The data services component may include definitions for a plurality of types based on the plurality of data stores."
CN-116341396-B,Complex equipment digital twin modeling method based on multi-source data fusion,"The invention relates to the field of digital twin modeling, in particular to a complex equipment digital twin modeling method based on multi-source data fusion, which comprises the following steps: s1: carrying out multi-source data collection on complex equipment through collection equipment to obtain multi-source data; s2: carrying out data preprocessing and multi-source data fusion on the multi-source data to obtain processed data; s3: carrying out data industry big data label and feature selection and feature dimension reduction on the processed data to obtain input data; s4: and model training is carried out on the input data by using a cyclic neural network to obtain a digital twin model. According to the invention, the data quality is improved through a multi-source data fusion technology, feature selection and feature dimension reduction, and meanwhile, the data is more convenient to label through a K-means algorithm in the subsequent cyclic neural network use process, and mea"
CN-113888140-A,An intelligent management platform for mine auxiliary transportation based on RFID technology,"The invention discloses an intelligent management platform for mine auxiliary transportation based on an RFID (radio frequency identification) technology, which comprises a cloud platform, mine one-network communication, auxiliary transportation equipment, RFID information coding and tracking equipment, an air door and a turnout controller, wherein the RFID technology is adopted to combine mine material auxiliary transportation with an RFID label, and a three-in-one dynamic mine material information coding and visual tracking system is established with the management platform through a reader-writer fixed at a key node, a handheld terminal and the like. Under the complex geological condition, aiming at the problems of multiple types, multiple targets and multiple demands of coal auxiliary transportation, large gradient change of a transportation roadway, multiple variable slopes and turns and multiple moving times, the intelligent management platform is adopted, a two-stage labeling me"
US-2024153070-A1,Method and device with defect detection,"An apparatus including a processor configured to execute a plurality of instructions; and a memory storing the plurality of instructions, wherein execution of the plurality of instructions configures the processor to generate a defect prediction score of an input image through the use of a neural network provided reference image, the input image, and an enhanced image. The neural network may include an attention map modulator configured to adaptively adjust an intensity of an attention map generated during the use of the neural network."
US-5852733-A,Microcontroller development tool using software programs,"A software development tool is provided for Texas Instruments microcontrollers which provides register initialization, register information, and register editing in conjunction with Windows TM -based forms generated by programs written according to well-known software programming languages. The editor function of the software development tool functions without the use of an emulator."
CN-109821860-A,A floc collection and processing device based on the Internet of Things,"The invention relates to a floc collecting and processing device based on the Internet of Things, comprising a floc collecting tube, a gas processing tube, a de-flocculating chamber, a floc processing device, a device supporting part and a control device. By specifically setting the structure of each component, the processing device can collect catkins and poplars while traveling on a prescribed route. After collection, the catkins and poplars can be separated and separated from the seeds inside. Storage, so as to achieve not only the elimination of urban floc pollution, but also the refined recycling of floc, which truly turns harm into benefit."
US-2018253073-A1,Methods and systems for the industrial internet of things,The system generally includes a crosspoint switch in the local data collection system having multiple inputs and multiple outputs including a first input connected to the first sensor and a second input connected to the second sensor. The multiple outputs include a first and second output configured to be switchable between a condition in which the first output is configured to switch between delivery of the first sensor signal and the second sensor signal and a condition in which there is simultaneous delivery of the first sensor signal from the first output and the second sensor signal from the second output. Each of multiple inputs is configured to be individually assigned to any of the multiple outputs. Unassigned outputs are configured to be switched off producing a high-impedance state. The local data collection system is configured to manage data collection bands and includes a neural net expert system using intelligent management of the data collection bands that define a speci
EP-3907641-A1,Intelligent management method and system based on edge computing,"The present disclosure discloses an intelligent management method and system based on edge computing, and belongs to the field of edge computing technology. By adopting the present disclosure, time required for data analysis and processing can be shortened and thus time delay is lower. Moreover, in case of network interruption and cloud downtime, it can ensure that edge computing not only can run local computing software offline in an internal network to implement local autonomy, but also can implement, through the offline running local edge computing group, interconnection and intercommunication between machine devices to construct a complete intelligent management network and system. Meanwhile, it can save bandwidth resources for data transmission when networking, and effectively alleviate the problems of data calculation and storage pressure, high traffic, difficulty in application development, and insufficient intelligence of an underlying machine device when using the cloud comput"
JP-H03174875-A,Digital image data processing device,"(57) [Summary] This bulletin contains application data before electronic filing, so abstract data is not recorded."
EP-1469393-A1,A method for backing up and recovering data in a hard disk,"A method for backing up and recovering data in a hard disk, used to back up data in the hard disk, including the following steps: partitioning a segment in the hard disk as a data backup area; backing up the partition status and at least one partition data needed to be backed to the data backup area; and locking the data backup area to forbid other application software or operation system to access it. The present invention can backup and recover the data in the hard disk safely and reliably and also can ensure the safety of the backup data. &lt;IMAGE&gt;"
WO-2008093066-A2,Immediate ready implementation of virtually congestion free guaranteed service capable network : nextgentcp/ftp/udp intermediate buffer cyclical sack re-use,"Various increment deployable TCP Friendly techniques of direct simple source code modifications to TCP/FTP/UDP based protocol stacks &amp; other susceptible protocols, or other related network&#39;s switches/routers configurations, are presented for immediate ready implementations over proprietaryLAN/WAN/external Internet of virtually congestion free guaranteed service capable network, without requiring use of existing QoS/MPLS techniques nor requiring any of the switches/routers softwares within the network to be modified or contribute to achieving the end-to-end performance results nor requiring provision of unlimited bandwidths at each and every inter-node links within the network."
EP-3598436-A1,Structuring and grouping of voice queries,"Voice inputs may be analyzed based on syntactic properties and respective dependency tree structure (e.g., parse tree) may be generated. Dependency tree structures may be grouped/clustered based on an associated root word/phrase. A visual interface may display the dependency tree structure in a manner that maps each voice input to a proper response (e.g., an action, an operation, a command, etc.). Mapping voice inputs to responses may be used to train a neural network."
WO-2008065422-A1,A method and apparatus for allocating computing resources,A method of allocating computing resources comprising receiving a software package processing requirement and comparing it against each of a software implementation registry to select one or more software implementations meeting a matching criterion. The method may further comprise comparing the processing requirement against a hardware resource registry and selecting hardware resources meeting a matching criterion.
CN-119296112-A,Electrician secondary technical application data acquisition method and device,"The invention discloses an electrician secondary technical application data acquisition method and device, which comprises the steps of extracting cable plate information, cable number head information and graphic information in CAD drawings through a software library, identifying target cable plates and target drawing names corresponding to the target keywords in the cable plate information through target keywords, obtaining a cable plate document according to the target cable plates and the target drawing names, extracting table graphics in the graphic information, determining the coordinates of each data grid in the table graphics, matching the coordinates of target texts in the cable number head information with the coordinates of each data grid to obtain the data grid to which each target text belongs, and obtaining the row-column relation and column attribute of each target text, and obtaining a secondary cable number head document according to the row-column relation and the col"
US-2023316479-A1,"Image processing apparatus, system and method","A data processing apparatus includes at least one image sensor to capture one or more first images including a first physical surface for use in a board game, receiving circuitry to receive, via a network, one or more second images including a second physical surface for use in a same type of board game as the first physical surface, image processing circuitry to generate a composite image for display based on at least a portion of a first image and at least a portion of a second image to include, in the composite image, an image of a surface formed of the first physical surface and the second physical surface, and output circuitry to output the composite image for display."
WO-2006007110-A2,Rule based system and method for automatically generating photomask orders,"A system for generating photomask orders in a specified format includes at least one template or order for entry and storage of photomask order data, wherein the at least one template or order is created based upon requirements of a specified photomask order format. The system includes at least one set of rules corresponding to the at least one template or order, wherein the set of rules includes instructions which insure that a user enter complete information into the at least one template or order as required by the specified order format. The templates or order may be further comprised of components and/or subcomponents which can be stored separately. The data fields in the orders, templates, components, subcomponents, etc. may reference specification grades which can in turn be easily modified to update one or more orders, templates, components, subcomponents, etc. simultaneously. A graphical user interface may be associated with the at least one template or order, wherein the user"
CN-120210447-A,Converter smelting method for reducing lime unit consumption,"The present invention relates to the technical field of converter smelting, and discloses a converter smelting method for reducing lime consumption, comprising: step 1, before the molten iron flows into the converter through the iron ladle, the phosphorus content and sulfur content in the molten iron are detected by a laser induced breakdown spectrometer analyzer, the detected molten iron composition data are collected by a data acquisition unit integrated in the spectrometer, and transmitted to a central data processing system through an industrial communication protocol, and the central data processing system includes a storage module for receiving and storing the molten iron composition data. Through the optimization model module in the central data processing system, the lime demand is comprehensively calculated by combining the multi-parameters of molten iron composition, slag basicity, fluidity and molten steel temperature, and decomposed into specific feeding ratios in each stag"
CN-109813866-A,The measuring system and measurement method of unsaturation frozen soil matric potential,"The invention discloses a measurement system and measurement method for unsaturated frozen soil matrix potential. The system includes a detection head, a temperature control device, an optical measurement module and a data processing module; the detection head includes a jacket, a temperature sensor, a liquid water filter plate and a transparent Optical lens, both ends of the jacket are open, the liquid water filter plate is connected to the outer end of the jacket to prevent liquid water from entering the jacket, the light-transmitting lens is connected to the jacket and arranged along the length of the jacket, and a pair of temperature sensors are respectively connected to the jacket. The outer end of the jacket is arranged symmetrically about the light-transmitting lens; the temperature control device is connected with the light-transmitting lens for regulating the temperature of the light-transmitting lens; the optical measurement module includes an infrared transmitter and an infr"
CN-117648128-A,"Instruction distribution method and device, electronic equipment and storage medium","The application provides a method and a device for distributing instructions, electronic equipment and a storage medium, and relates to the technical field of artificial intelligence. The method comprises the following steps: reading target processing instructions to be processed in a memory, wherein the memory is used for storing processing instructions corresponding to a plurality of operation units, and the processing instructions are used for indicating the operation units to execute operation operations; determining at least one target operation unit to which the target processing instruction is to be allocated among the plurality of operation units; the target processing instruction is allocated to the at least one target operation unit so that the at least one target operation unit executes the target processing instruction. According to the scheme, the processing instructions corresponding to the operation units are uniformly stored in the memory, and the processing instruction"
EP-0020714-B1,Digital tester,"An apparatus for testing digital logic circuits without a computer and associated software employs a pseudorandom stream of input data to produce an unstructured output data stream which is analyzed by an efficient data collector and analyzer. Test signal generation is implemented by a pseudorandom number generator and a pseudorandom clock/reset generator while the resulting test data at the output terminals of the device under test is analyzed by a cycle redundancy code checker. Fault localization is realized, with selectable localization and manual probe modes and circuitry is provided for an efficient self-test mode."
CN-119169371-A,Apple fruit image identification method under condition of multi-fruit overlapping and complex shielding object,"The present invention provides an apple fruit image recognition method, system, device and storage medium in the case of multiple overlapping fruits and complex obstructions. The method includes collecting images of an apple tree area to form at least two apple sub-areas; preprocessing the collected images, including graying, filtering and edge detection; extracting features from each apple sub-area based on an image feature extraction algorithm; classifying and identifying each apple sub-area based on feature information and a machine learning algorithm to obtain an apple fruit recognition result; and merging the recognition results of all sub-areas through image fusion technology to obtain a recognition result of the entire apple tree area. The present invention can realize an efficient and accurate apple fruit image recognition method, which is helpful to improve the level of agricultural automation and intelligence."
US-2014115601-A1,Data processing method and data processing system,"A data processing method that is executed by a processor includes determining based on a size of an available area of a first memory whether first data of a first thread executed by a first data processing apparatus among a plurality of data processing apparatuses is transferable to a first memory; transferring second data that is of a second thread and stored in the first memory to second memory, when at the determining, the first data is determined to not be transferrable; and transferring the first data to the first memory."
EP-4447421-A3,Switch-managed resource allocation and software execution,"Examples described herein relate to a switch device for a rack of two or more physical servers, wherein the switch device is coupled to the two or more physical servers and the switch device performs packet protocol processing termination for received packets and provides payload data from the received packets without a received packet header to a destination buffer of a destination physical server in the rack. In some examples, the switch device comprises at least one central processing unit, the at least one central processing unit is to execute packet processing operations on the received packets. In some examples, a physical server executes at least one virtualized execution environments (VEE) and the at least one central processing unit executes a VEE for packet processing of packets with data to be accessed by the physical server that executes the VEE."
CN-120029601-A,"Online review method, device and medium based on low codes","The present application discloses a low-code-based online review method, device and medium, which relates to the field of online review technology. The method includes: obtaining historical project review data, deeply mining the review data through a machine learning algorithm, learning the first review indicator, and introducing experts in the corresponding field to build an expert database; constructing an import section, a review section and a result section through a low-code development platform; importing projects to be reviewed through the import section, and the projects to be reviewed include project name, type and expected review time; if the user does not select, analyzing the projects to be reviewed through natural language processing technology, and configuring the review method through the review section according to the type and review cycle; summarizing the scores of the projects to be reviewed through the result summary section, and generating a review report. Through "
CN-104332073-A,Intelligent Air Traffic Control System,"The invention discloses a smart air traffic control system which comprises a data receiving interface module, a data processing center, an emergency override module, an electronic flying plan display module, a flight monitoring display module and a flight control instruction sending module. The data processing center conducts accurate calculation of the flight plan by receiving accurate real-time flying information of airplanes; a whole flying queue is optimized, including shortening the space between the airplanes, reasonably allocating the take off and land sequence of corresponding runways, changing the landing angle in real time and curved approaching; therefore the efficiency of the whole flying queue is effectively improved, and safety is enhanced; finally, the whole flying plan is displayed on a monitoring displayer of air traffic controllers. The air traffic controllers can observe the order of precedence of the flying queue taking off and landing through the displayer at any t"
CN-103954634-A,An online quality inspection system for printed matter,"The invention relates to an online quality detection system for printed matter. The system consists of a 3CCD camera, an LED-array light source, an MV-600 high-speed/high-accuracy industrial image acquisition card and a computer host with a PC (Personal Computer) and image processing software. The online quality detection system is applied to online quality detection in online intaglio printing and online flexography of roll paper in cigarette packet production enterprises, and batches of defective products with shape defects and color defects can be avoided in cigarette packet printed matter. Moreover, hardware is not in contact with the printed matter during online detection, so that the quality of the printed matter is not lowered. By the online quality detection system, the problems of lagging of detection time and insufficient principle basis of a conventional subjective visual observation method, density detection method and chromaticity detection method are solved, the productio"
CN-214174877-U,Electric toy device based on Internet of Things technology,"The utility model discloses an electric toy device based on the Internet of Things technology, comprising: a main control module for displaying received external information and sending remote control instructions to a communication module according to user operations; Control instructions and send the remote control instructions to the communication module of the control module; the input module for collecting external information and transmitting it to the control module; for receiving the external information collected by the input module, and sending the external information to the communication module through the communication module. The main control module; the control module that receives the remote control command, and controls the output module through the remote control command; the output module for performing pronunciation and/or action under the control of the control module; for controlling A power supply module that supplies power to other modules through the control mo"
US-2021200803-A1,Query response device and method,"A query response method includes: dividing image frames, audio data and caption data included in video data of a data set on a per-shot basis based on the same single caption; extracting a shot feature vector by calculating the feature vectors of image frames, audio data and caption data included in each shot; extracting feature vectors of query data and a plurality of pieces of option data corresponding to the query data from each query-response pair included in the data set; calculating a video feature vector by inputting the shot feature vectors into a multilayer neural network, assigning an attention weight, calculated based on the feature vector of the query data, to output vectors of respective layers, and then summing the weighted output vectors; and selecting a final response from among the plurality of pieces of option data based on similarities between the video feature vector and option feature vectors."
US-2026065288-A1,Technologies for Resolving Disputed Transactions and Customer Service With Artificial Intelligence Agent-Based Systems,"Technologies for resolving disputed transactions include a system with circuitry configured to receive a user interaction from a user interface channel, provide the user interaction with multiple topics and available actions for agent responsibility to a large language model, identify an action and parameters related to a dispute for a financial transaction in response to providing the user interaction to the large language model, execute the identified action with the parameters, and log data indictive of the user interaction, the identified action, the parameters, and any response. Other embodiments are also described and claimed."
RU-2284544-C1,Method of navigation of flying vehicles,"FIELD: radar engineering. 
     SUBSTANCE: method can be used for designing different radar and analogical systems intended for navigation of flying vehicles by using radio waves due to finding location of flying vehicles and for controlling their movement. Reference map of area is used, which map is drawn by known methods before flying vehicle starts moving. Part of area (measure part) is chosen onto reference map, current map is composed, and parameters of measure part of reference map are measured by means of radio waves, reflected in form of beams. Received meanings of measure part of current and reference map are compared. Correction signal of movement trajectory is calculated on the base of measurement of difference of results of multi-beam measurements. Movement of flying vehicles is subject to control due to correction of their location when flying vehicle move along measure part. 
     EFFECT: improved speed of operation; increased speed of data processing. 
     9 cl, 3 dwg"
EP-3961115-A1,"Air-conditioning system, machine learning device, and machine learning method","An air-conditioning system that optimizes operation capacity of an outside air conditioning unit and operation capacity of an air conditioning unit is provided. An air-conditioning system includes an outside air conditioning device, an air conditioning device, and a machine learning apparatus, and includes a state variable acquiring unit configured to acquire state variables including a condition of outside air, a condition of inside air, an operation condition of the outside air conditioning device, an operation condition of the air conditioning device, and a temperature or humidity set for a target space, a learning unit configured to perform learning by associating the state variables with at least either the operating capacity of the outside air conditioning device or the operating capacity of the air conditioning device, and a reward calculating unit configured to calculate a reward that correlates with a total of energy consumption of the outside air conditioning device and energ"
CN-113033984-B,Visual management and control information system based on flow data processing system,"The present invention discloses a visual information control system based on a process data processing system. Through a user-defined module, raw materials, appliances and/or operations are periodically limited, and information related to the preparation process is associated with raw materials, appliances and/or operations. Users select the same or different templates and customize the number of product copies and the preparation process list in each template, because each template is derived from the final product, and the products are combined and constructed based on the unique raw materials and operation IDs. Statistical combination is performed for raw materials and operations with the same ID of different templates to provide effective measurement statistics, and different unit prices defined by users can be expanded to facilitate rapid financial summary. Losses can also be viewed or defined for raw materials, appliances and/or operations with different IDs, and actual consumpti"
WO-2023172428-A1,Tractor-to-trailer verification system,"Various verification systems are disclosed. A tractor-to-trailer verification system includes a tractor driver smart device and a trailer device in the trailer. The trailer device includes a trailer transceiver and a trailer controller. The tractor-to-trailer verification system is configured to execute, on the tractor driver smart device, a driver-side software application displaying trailer verification instructions to the tractor driver, the trailer verification instructions received by the driver-side software application from a customer device, the trailer verification instructions including a trailer ID of the trailer and a tractor owner ID of the tractor, transmit, from the trailer transceiver to the tractor driver smart device, the trailer ID of the trailer, and confirm, via the driver-side software application, a match between the trailer ID and the tractor owner ID"
CN-121526152-A,"Step-by-step MRP method, system, equipment and medium","The application relates to the field of order data processing, in particular to a step-by-step MRP method, a system, equipment and a medium, wherein the method comprises the steps of obtaining order information and calculating the net demand quantity of production pieces by combining a BOM structure, inventory availability and safety inventory of products; the method comprises the steps of preparing a production plan through an APS system based on the net demand quantity and production resource information, preparing a workshop operation plan based on the production plan through workshop scheduling operation, calculating demand time and demand quantity of purchased parts based on the preparation time and material supply advance period of the produced parts, preparing a purchase plan, and preparing a supplier delivery plan based on the purchase plan and the workshop operation plan. Aiming at the characteristics of multiple varieties and small-batch orders in discrete manufacturing indus"
CN-110974419-B,Guide wire navigation method and system for portal stenosis in endoscopic biliary stent implantation,"The invention discloses a guide wire navigation method and a guide wire navigation system for portal stenosis in a transendoscopic bile duct stent implantation operation, which comprise the following steps: s1: receiving an input magnetic resonance pancreaticobiliary imaging image of a patient with a hepatic portal cholangiostenosis; s2: carrying out image segmentation on a magnetic resonance pancreaticobiliary duct imaging image of a patient with hepatic portal biliary duct stenosis by using an image segmentation method based on deep learning, and predicting a navigation line from the tail end of a biliary duct to the hepatic portal stenosis part; s3: receiving a real-time perspective image in an endoscopic retrograde cholangiopancreatography; s4: registering two images according to key points of bile ducts on a magnetic resonance pancreaticobiliary duct imaging image and key points of guide wires on perspective images in an endoscopic retrograde cholangiopancreatography; s5: and disp"
US-9756050-B1,Using transient processing containers for security authorization,"Authorization decisions can be made in a resource environment using authorization functions which can be provided by customers, third parties, or other such entities. The functions can be implemented using virtual machine instances with one or more transient compute containers. This compute capacity can be preconfigured with certain software and provided using existing compute capacity assigned to a customer, or capacity invoked from a warming pool, to execute the appropriate authorization function. The authorization function can be a lambda function that takes in context and generates the appropriate security functionality inline. The utilization of ephemeral compute capacity enables the functionality to be provided on demand, without requiring explicit naming or identification, and can enable cause state information to be maintained for a customer."
US-2013129308-A1,Display device with adaptive fast navigation mode,"A digital video display device having an adaptive fast navigation mode for navigating through a digital video sequence having a time sequence of video frames, comprising a display, a user interface including user controls and a data processing system. A program memory stores instructions configured to perform the steps of: selecting a digital video sequence; determining a time duration associated with the selected digital video sequence, initiating a fast navigation operation in response to user activation of an appropriate user control, determining a fast navigation speed responsive to the time duration of the selected digital video sequence, designating a particular video frame in the selected digital video sequence to be a current video frame; and periodically updating the designation of the current video frame in accordance with the determined fast navigation speed."
AT-E393428-T1,SOFTWARE UPDATES USING REMOTE CONTROL,"This invention relates to a method of updating software of target devices such as televisions with remote control software updating features, VCD/DVD players, STB, DVD and Video recorders by means of a remote control and a remote control which operates in accordance with this method"
CN-113051031-B,A container cluster deployment method for a visual artificial intelligence system simulation platform,"The container cluster deployment method of the visual artificial intelligence system simulation platform provided by the present invention includes: disassembling each functional module of the simulation platform into multiple images, and generating corresponding image files based on Docker container technology; using the same or different image files for each image file. Different communication methods build connection relationships; multiple image files are sequentially started based on their dependency relationships to complete the deployment of the simulation platform. Container clusters can be used to achieve rapid one-stop deployment on the visual artificial intelligence system simulation platform. , get rid of the environment dependence during the installation and use of the simulation platform; solve the problems of environmental incompatibility, environment version conflict and other problems that arise during the use of the visual artificial intelligence system simulation pla"
EP-3818776-A1,Packet data convergence protocol data recovery,"Embodiments described herein provide methods and apparatuses for synchronizing radio link control re-establishment between a user equipment, UE and a base station 5distributed unit, DU, with Packet Data Convergence Protocol, PDCP, data recovery. A method performed by a Control Plane data processing apparatus comprises: obtaining an indication that an uplink and/or downlink outage has occurred between the base station DU and the UE; and transmitting a request to a user plane, UP, data processing apparatus to instruct the UP data processing apparatus to retransmit any data protocol 0units previously transmitted to the UE which were unacknowledged by the UE."
WO-2021141744-A1,Generating a registry of people using a criteria and performing an action for the registry of people,"In one embodiment, a method for operating an artificial intelligence engine is disclosed. The method may include determining a shared medical condition state for a subset of a population of people, segmenting the population of the people into a registry of people based on the shared medical condition state, determining an action to perform for the registry of the people based on comparing the shared medical condition state to ontological medical information, and autonomously performing, by the artificial intelligence engine, the action for the registry of the people."
EP-4592156-A1,Signal processing device and vehicle display device comprising same,"A signal processing device according to an embodiment of the present disclosure includes: a processor configured to execute a hypervisor, and execute a plurality of virtual machines on the hypervisor, wherein a first virtual machine among the plurality of virtual machines is configured to execute a plurality of microservices corresponding to a first safety level and transmit result data of a first microservice among the plurality of microservices to a second virtual machine, among the plurality of virtual machines, corresponding to a second safety level lower than the first safety level or to a virtual machine within a second signal processing device. Accordingly, it is possible to perform data processing efficiently based on safety levels."
US-9104839-B2,De-duplication aware secure delete,"A mechanism is provided in a data processing system for de-duplication aware secure delete. Responsive to receiving a secure delete request for a file, the mechanism identifies a list of file blocks to be securely deleted from a physical disk device. Responsive to determining at least one virtual block of another file refers to a given disk block corresponding to a file block in the list, the mechanism copies the given disk block to generate a copied disk block in the physical disk device and updates a pointer of the at least one virtual block to refer to the copied disk block. The mechanism writes a secure delete pattern for each file block in the list of file blocks to a disk block in the physical disk device without performing de-duplication processing."
EP-1580643-A3,Access protection for computer systems,"The invention relates to access protection and theft protection of a computer system. The inventive access protection mechanism makes explicit use of a specific time interval for which the computer system operates in an ordinary mode. After this time interval has elapsed the computer system switches into a locked mode preventing the computer system from booting. In locked mode the functionality of the system is limited to a password dialogue and a corresponding password can only be obtained from a central database system after the user&#39;s identity has been checked. By regularly installing subsequent software application updates of a specific software application the computer system is prevented from switching into locked mode. By installing the software application update, the time interval is always manipulated in such a way, that is only elapses after a point of time where a subsequent software update becomes available."
US-4780874-A,Diagnostic apparatus for a data processing system,"A level sensitive scan design (LSSD) diagnostic apparatus for a data processing component. Each scan unit in a shift register chain comprises a plurality of level sensitive elements, e.g., data latches, which transfer signals from their input terminals to their output terminals in response to a &#34;Phase B&#34; pulse train. A multiplexer is connected to each data latch for communicating run data to the input terminal of each data latch in a normal mode of operation. In test mode, the multiplexer communicates signals from the output terminal of one data latch to the input terminal of an adjacent data latch, so that the data latch signals are serially communicated through the resulting latch chain. 
     In order to prevent the test data from propagating uncontrollably through the serially connected latches, each multiplexer includes a test latch disposed between the test data input of the multiplexer and the output terminal of the preceding data latch in the chain. The test latch is co"
EP-1485769-B1,A method and arrangement for protecting software,"A method and arrangement for limiting the number of simultaneous users of a software ( 106 ) protected by a licence agreement. A start request is sent from the software to a lock unit ( 108 ) when the software is activated by a workstation ( 102 ), after which it is investigated whether any physical licence unit ( 110 ), connected to the lock unit and corresponding to the software, has a free user position. The software is started if there is a free user position, but is terminated if there is free user position. The solution provides for increased control and security that the number of simultaneous users cannot exceed what is covered by the licence agreement, as well as a simple upgrading of licence agreements."
US-2013134708-A1,Power generating apparatus of renewable energy type and control method thereof,"A power generating apparatus of renewable energy type includes a rotation shaft, a hydraulic pump, a hydraulic motor, a generator and a pitch drive unit. When a fault even occurs, a deviation of a state indicating an operation state from a normal state value is calculated. When the deviation is not less than a first threshold value, the stop control unit performs by means of a hard-wired circuit at least one of switching the hydraulic pump to an idle state, the hydraulic motor to an idle state, and the pitch angle toward a feathering position. When the deviation is less than the first threshold and not less than a second threshold, the stop control unit performs by software control all of switching the hydraulic pump to the idle state, the hydraulic motor to the idle state, and the pitch angle toward the feathering position."
CN-107063791-B,Test method and test sample for bonding characteristics of disintegrated soft rock and concrete,"The invention relates to a test method and a test sample for the bonding property of disintegrated soft rock and concrete. The test steps include: sample preparation, sample and instrument installation, test loading, data processing and the like, wherein the test sample is a concrete block which is formed by pouring around a cuboid or cylinder-shaped soft rock block and is adhered with the soft rock block into a whole. The test method is that a test sample after drying treatment or water saturation treatment is placed on a bearing cushion block, then a load is applied through a loading column, and a loading load value P and a bonding sliding displacement value S of a soft rock block and a concrete block at different moments are recorded until the interface of the soft rock block and the concrete block is sheared and destroyed, so that bonding characteristics and shearing strength data of the soft rock block and the concrete after the soft rock is disintegrated can be obtained. The inve"
US-2006106299-A1,Magnetic resonance imaging device and data processing method for magnetic resonance imaging device,"A magnetic resonance imaging apparatus  20  includes a scan executing unit that executes scan to generate sensitivity map data of an RF coil  24 , a region reduction unit  44   b  that applies region reduction to a signal region near a no-signal region of image data obtained by the scan, a sensitivity map data generating unit  44  that generates sensitivity map data using image data after the region reduction, and a smoothing processing unit  44   i  that applies three-dimensional smoothing filter to the sensitivity map data."
EP-1011417-A1,Selective differentiating diagnostic process based on broad data bases,"A process for analyzing for a variety of physical medical disorders, which includes: (a) clinically testing by a common analysis, patients free of such disorders to obtain characterization thereof as numerical data; (b) scaling a matrix of the data by computer; (c) configuring an artificial neural network prescribed by the number of variables and number of disorders; (d) fitting the neural network in a computer to the numerical data according to adjustable network parameters which include the number of neurons in a hidden layer, the number of hidden layers, the type of layer transfer function, and the connecting weights; (e) thereby training the neural network; (f) withdrawing from a new patient a sample or samples and subjecting same to like clinical testing to obtain new numeric data; (g) scaling the new data; (h) feeding the scaled new data to the trained neural network; and (i) automatically obtaining a diagnosis of the new patient with respect to such disorders."
KR-100299139-B1,Decimation filter and method for the same,PURPOSE: A decimation filter and a method for the same are provided to form a down converter of a software radio system by utilizing a decimation filter using a quadratic polynomial expression. CONSTITUTION: A CIC decimation filter(51) is used for performing a down converting operation by performing a decimation process for sampling signals. An ISOP filter(53) is used for compensating for a drop of a passing band generated in the decimation process by increasing an output of the CIC decimation filter(51). A multi-stage half-band decimation filter(55) is used for performing the down converting operation by performing the decimation process for an output signal of the ISOP filter(53). An FIR filter(57) is used for compensating for distortion of the passing band from the output signal of the multi-stage half-band decimation filter(55). An interpolation filter(59) is used for controlling an output sampling rate of the FIR filter(57) to a desired frequency.
WO-2006035729-A1,"Information processing device, process control method, and computer program","There are provided a device and a method for improving the data processing efficiency with an improved context storage configuration. A plurality of logical processors are correlated to a physical processor by time sharing for executing data processing. A context table corresponding to a logical processor in the non-adaptive state of the physical processor is mapped to a logical partition address space so as to be stored. With this configuration, when the logical processor is not allocated to the physical processor, it becomes possible to acquire the context of the logical processor and it is possible to access the logical processor and load a program without waiting for the physical processor allocation timing. This significantly improves the data processing efficiency."
CN-106791236-A,Call Center Management System,"The invention discloses a kind of management system of call center, including front end units, configuration data processing unit, status data processing unit, historical data processing unit and Random data processing unit；Configuration data processing unit is from call center&#39;s acquisition configuration data, and configuration data is sent to front end units, status data processing unit is from call center&#39;s acquisition state data, and status data is sent to front end units, historical data processing unit gathers historical data from call center, and historical data is sent to front end units, Random data processing unit gathers statistics from call center, and statistics is sent to front end units；Be distributed on management system webpage for configuration data, status data, historical data and statistics respectively by internet by front end units.The Various types of data of call center can be easily managed and checked by the present invention, the management uniformit"
WO-2010013871-A1,Method of executing virtualized application able to run in virtualized environment,"A method of executing a virtualized application able to run in a virtualized environment. The virtualized application includes application software and the virtualized environment. The application software includes a license monitor to search for a software license while monitoring an execution policy set by a software provider when software is installed or executed. The virtualized environment includes an environment monitor to monitor an execution environment provided to the application software by the virtualized environment. Therefore, it is possible to prevent software able to run in a virtualized environment from being freely copied without any limitations by the execution policy provided by the software provider."
US-2017039188-A1,Cognitive System with Ingestion of Natural Language Documents with Embedded Code,"Mechanisms are provided for processing natural language content having a computer code segment. Natural language content is processed using a natural language processing (NLP) engine and a segment of content within the natural language content is identified that is not recognized by the NLP engine. The segment is analyzed to determine whether the segment contains computer code and, if so, a code segment annotation for the computer code is generated that provides a natural language description of functionality of the computer code in the segment. The code segment annotation is stored in association with the natural language content and natural language processing is performed using the NLP engine on the code segment annotation to further process the natural language content."
US-9710358-B2,Native backtracing,"A system and method are disclosed for runtime probing of software. In accordance with one embodiment, a target method of a software application is modified to include a call to a first helper method and a call to a second helper method that occurs after the call to the first helper method. The first helper method collects runtime information, and at least one of the first helper method or the second helper method passes data comprising the runtime information to a native method that provides the data to a software tool (e.g., a performance monitoring tool, a debugger, etc.). The modified target method is then executed within a virtual machine."
US-2025284820-A1,Automated Identification Of Vulnerable Software Components,"An automated identification of vulnerable software components is presented. The objective to find a method for the automatic identification of CVE affected software components through source-code parsing and text analysis. The method shall reduce manual work to a minimum and ensure a high level of data quality. The objective is solved by the computer-implemented method for identifying vulnerable software, comprising: receiving a software package; unpacking source code files for multiple versions of the software package; retrieving an entry for the software package from a vulnerability database; retrieving a patch for the software package; determining changes made by the patch to source code files of the software package; and determining whether the changes were made to a given version of software and reporting the given version of software as vulnerable in response to a determination the changes were absent from the given version of software."
CN-118586171-A,"Substation project model application method and device, electronic equipment and storage medium","The embodiment of the present invention discloses a substation project model application method, device, electronic device and storage medium, the method comprising: establishing a building information model based on the buildings and structures of the substation project; establishing a geographic information system model based on the surrounding environment of the substation project; obtaining data information of the substation project, wherein the data information includes equipment information and drawing information of the substation project; modeling based on the building information model, the geographic information system model and the data information of the substation project to obtain a substation project model; and displaying the substation project model. By using this method, various data of the substation project can be more intuitively displayed in the management of the substation construction project, making the data processing process more convenient and reducing the co"
CN-110221978-B,Test case generation method and device,"The present disclosure relates to a method and device for generating test cases. The preprocessed corpus data is obtained by preprocessing the corpus data based on the part of speech; the preprocessed corpus data is used to train the neural network to obtain an interaction model; the interaction information is input into the interaction model, Process the interaction information based on the interaction model to obtain interaction data; process the interaction data to obtain a data set; combine one or more data sets to generate a test case for program vulnerability mining, which can be based on the corpus data The part-of-speech preprocessing realizes the strong semantic understanding of the relevant interactive information of the program, obtains the strong semantic input of the program, obtains high-quality test cases, and ensures the efficiency and accuracy of automatic vulnerability mining of the program."
CN-103870796-B,Method and device for estimating human eye sight line,"Embodiments of the present invention provide a method and a device for estimating a human line of sight, which can simplify the calibration process and improve the accuracy of the device for estimating the human line of sight. The method includes: obtaining the current image of the user; obtaining the coordinates of the key points of the eyes in the current image in the current image according to the current image of the user; obtaining the coordinates of the key points of the eyes in the current image and the pre-stored The key point coordinates are used to obtain the user-invariant line-of-sight features; the user-invariant line-of-sight features are used as input parameters, and according to the parameters of the pre-stored line-of-sight estimation statistical model for each training point of view, the user point-of-view belonging to each training point of view is obtained. Probability of the sight line estimation statistical model; according to the probability that the user point o"
CN-114090062-A,Embedded software synchronization upgrade method and device for multi-core MCU,"The present application provides a method and device for synchronously updating embedded software for multi-core MCUs, and the method and device for synchronously updating embedded software for multi-core MCUs includes the following steps: merging the embedded software of multiple MCU chips into a total embedded software Software; burn the total embedded software, and simultaneously upgrade the embedded software of each MCU chip during the burning process. The present application can ensure that the embedded software of each MCU is successfully upgraded and matched at one time, thereby improving the efficiency of the embedded software upgrade, and at the same time, it can avoid the version mismatch that may exist after the embedded software of multiple MCUs is upgraded by using the existing technology. Problem Update the upgraded MCU embedded software to the corresponding MCU chip."
CN-116582133-B,Intelligent management system for data in transformer production process,"The invention relates to the technical field of data processing, in particular to an intelligent management system for transformer production process data, which comprises the following components: the data acquisition module is used for acquiring all data; the data classification module is used for grouping all data to obtain a plurality of groups of data; classifying all the data groups according to the differences of all any two groups of data groups to obtain a plurality of clusters; the data analysis module is used for analyzing all the class clusters and acquiring the optimal probability duty ratio of various characters in all the class clusters; and acquiring a state table of the optimal finite state entropy coding of all the class clusters according to the optimal probability duty ratio of various characters in all the class clusters. And the data compression module is used for carrying out data compression on each class cluster by using a finite state entropy coding algorithm "
CA-3166481-A1,Automated user language detection for content selection,"Systems and methods of determining languages of users in networked environments are provided herein. A data processing system having one or more processors coupled with memory can receive, from a client device, a request for content identifying an account profile. The data processing system can determine, using a log record identifying activities of the account profile, a first set of candidate languages. The data processing system can identify a plurality of information resources to be presented. The data processing system can a second set of candidate languages from the plurality of languages based on content in each information resource and a corresponding ranking of each information resource. The data processing system can identify a set of languages included in both the first set of candidate languages and the second set of candidate languages."
US-2004206820-A1,Method for tagged bar code data interchange,"A method of tagged bar code data interchange includes creating electronic and/or printed documents with tagged bar coded information, capturing and decoding the tagged bar coded information, caching the tagged bar coded information, parsing the bar coded data tags, stripping the data tags, and inputting/storing the bar coded information. Business can be conducted on-line using e-mail transmissions of video displayed tagged bar coded information. Such tagged bar coded information can be stored and/or input into style sheets that are in common or company-specific formats. Further, companies can receive consumer information in a format that is easily accessible by any portion, affiliate, subsidiary, or related entity of the company, no matter what software system is running."
CN-114528477-A,"Automatic machine learning implementation method, platform and device for scientific research applications","The invention discloses a scientific research application-oriented automatic machine learning implementation method, a scientific research application-oriented automatic machine learning implementation platform and a scientific research application-oriented automatic machine learning implementation device, wherein the method comprises the following steps: acquiring scientific research data input by a user, and generating a solution according to the scientific research data and a preset constructed relation map; according to the solution, a deep learning method is utilized to carry out intelligent analysis on the user requirements, and a normalized retrieval form is generated; providing personalized data recommendation service for the user based on the operation information of the user on each research data; building a visual operator by combining drag-type programming and code programming, and building an algorithm flow chart of an experiment through the visual operator to realize visu"
WO-2016145379-A1,Automated Compilation of Probabilistic Task Description into Executable Neural Network Specification,"A mechanism for compiling a generative description of an inference task into a neural network. First, an arbitrary generative probabilistic model from the exponential family is specified (or received). The model characterizes a conditional probability distribution for measurement data given a set of latent variables. A factor graph is generated for the generative probabilistic model. Each factor node of the factor graph is expanded into a corresponding sequence of arithmetic operations, based on a specified inference task and a kind of message passing algorithm. The factor graph and the sequences of arithmetic operations specify the structure of a neural network for performance of the inference task. A learning algorithm is executed, to determine values of parameters of the neural network. The neural network is then ready for performing inference on operational measurements."
US-9684996-B2,Rendering global light transport in real-time using machine learning,"Some implementations disclosed herein provide techniques and arrangements to render global light transport in real-time or near real-time. For example, in a pre-computation stage, a first computing device may render points of surfaces (e.g., using multiple light bounces and the like). Attributes for each of the points may be determined. A plurality of machine learning algorithms may be trained using particular attributes from the attributes. For example, a first machine learning algorithm may be trained using a first portion of the attributes and a second machine learning algorithm may be trained using a second portion of the attributes. The trained machine learning algorithms may be used by a second computing device to render components (e.g., diffuse and specular components) of indirect shading in real-time."
US-5638513-A,Secure software rental system using continuous asynchronous password verification,"The present invention is a system for providing secure access and execution of application software stored on a first computer by a second computer using a communication device while a communication link is maintained between the first and second computers. More specifically, the present invention is a secure software rental system. The system enables a user in a remote location using a personal computer and a modem to connect to a central rental facility, transfer application software from the central rental facility to the remote computer, and execute the application software on the remote computer while electronically connected to the central rental facility. When the communication link between the central rental facility and the remote computer is interrupted or terminated, the application software no longer executes on the remote computer. This is accomplished by integrating header software with the application software according to the present invention. The application software "
US-7464862-B2,Apparatus &amp; method for POS processing,"An apparatus and method for configuring, altering, controlling, securing, and extending the processing capability and functionality of PCs and POS devices using a non-volatile memory device using software and data carried within the apparatus."
BG-67481-B1,DISINFECTION ROBOT,"The disinfection robot contains a self-contained mobile and fully autonomous configuration (1) with a circular shape, in which there is a rechargeable battery for propulsion; multifunctional sensor system, including multi-sensors for orientation in space and for movement of people; pre-programmed processor modules equipped, if necessary, with self-learning algorithms, building elements of artificial intelligence; block for wireless communication through cloud technology for reporting disinfection performed, etc. The configuration (1) also contains an ultraviolet UV-C emitter integrated with it, consisting of a semi-cylindrical hollow body (2) of a material opaque to UV rays and up to two side-by-side UV lamps (3) located inside the body (2 ). The linear dimension of the body (2) is not greater than the diameter of the configuration (1), and its diameter, in turn, is not greater than one third of the diameter of the configuration. The open part of the body (2) is located close enough to"
EP-3238416-A2,Predictive user authentication,"In an example, a system and method for predictive user authentication is disclosed. The system may include proximity sensors, computer vision systems, and other provisions for monitoring users&#39; movements throughout a facility. A predictive security engine may also be programmed with heuristic data to recognize such factors as a user&#39;s face, gait, or average appearance. When a user approaches a terminal, the system may preemptively compute a confidence score regarding the user&#39;s authenticity. Based on the confidence score, the system will determine how much additional authentication is necessary. The system may also provide context-sensitive data to the user based on location or activities. Thus, authentication to the system is made easier to the user, and the user receives more relevant data for his or her activities."
US-2011182499-A1,Method for determining the surface coverage obtained by shot peening,"In a method for determining the surface coverage obtained by shot peening to ensure uniform and complete strengthening of the surface of components, in particular blisk blades, a shot-peened surface topography is digitalized by an optical digital recording unit. A three-dimensional height profile is then prepared by measuring and evaluation software which includes both indentations and excrescences due to shot peening and also roughnesses due to manufacturing, which are smaller than the excrescences and indentations. The roughnesses are subsequently filtered out from the height image by a software filter using mathematical methods. A height diagram with the indentations situated below a zero line is established, with the size of these indentations being calculated in relation to the total area in the height diagram and the extent of coverage of the entire shot-peened surface being determined therefrom."
US-2017134281-A1,System and method for flow management in software-defined networks,"One embodiment of the present invention provides a system for facilitating flow definition management in a switch. During operation, the system identifies a generic flow definition which specifies a flow that is not specific to any input port of a switch. The system further stores in a flow lookup data structure one or more port-specific flow rules based on the generic flow definition, wherein each port-specific flow rule corresponds to a respective port capable of processing data flows."
JP-2016035615-A,Software quality standard calculation apparatus and software quality standard calculation method,"An index value and a control limit of bug density in software management are optimized. [MEANS FOR SOLVING PROBLEMS] A basic index value and a basic control limit upper and lower limit values of a bug density of each past development software are calculated and drawn on a basic U control chart, and development difficulty of past development software and development difficulty of new development software The development scale after correction is calculated from the ratio of degrees, and the basic index values and the upper and lower limits of the basic control limits corresponding to the development scale after the correction are calculated from the previous basic U chart, and the index values and management for newly developed software. Calculate as the upper and lower limits of the limits. Thereby, the index value and the management limit corresponding to the difficulty level of the newly developed software can be obtained. [Selection] Figure 1"
JP-H05216611-A,Method and apparatus for enhancing display of multiple objects from menu of data processing system,"(57) [Abstract] [Purpose] In a data processing system, one group of menu items is represented in the form of one graphical metaphor (icon ring) for the group, and for each of a plurality of menu items by the user. Make it easy to access. [Configuration] The user interface in the system is   A window 36 associated with the running application program is generated on the display screen 20. A plurality of menu items associated with the application program are represented by icons 50, which are ordered, arranged in a stack, and displayed in an icon ring 48 within window 36. The top icon can be selected, but by moving the top icon to the bottom and moving other icons sequentially upward by operating the mouse etc., the icon located at the top is newly selected. It is possible."
US-11507953-B1,Systems and methods for optimizing transaction conversion rate using machine learning,"A method for optimizing transaction authorization conversion rates using machine learning includes retrieving payment transaction parameters and authorization results for a plurality of past payment transactions from a database, generating a transaction success model comprising authorization success factors for each of a plurality of payment transaction parameters using a machine learning training phase based on the retrieved payment transaction parameters and authorization results, receiving, at an acquirer processor, a payment transaction from a merchant, modifying one or more parameters of the payment transaction according to the generated transaction success model, and submitting the modified payment transaction to a financial institution for processing."
EP-1345121-A2,Capping processor utilization,"Apparatus, system, and method allow for capping processor utilization in a computer system (20). The processors are typically central processing units (CPUs) (21-24) under control of a system scheduler (30). The system scheduler controls which of the CPUs will run specific processes. The processes may run according to a predefined priority assigned to each of the processors. A processor bandwidth waster (41,42) includes a software routine that operates as an infinite loop in one or more of the CPUs. The bandwidth waster may have the highest priority of any process in the computer system such that the bandwidth waster always runs on the CPUs unless a specific action is taken to turn off, or stop, the bandwidth waster. Data are gathered from the CPUs, including time of operation of any bandwidth waster, and the gathered data are used to compute a bill for operation of the computer system. &lt;IMAGE&gt;"
WO-2024251503-A1,Method for detecting a living being,"The invention relates to a method for detecting a living being, characterised in that it comprises: - acquiring a plurality of images within a time window, each image comprising a series of data with which a position, a power and a speed are associated; - constructing a first database of instantaneous data from the plurality of images, the instantaneous data being based on the position, the power and the speed of each data item of each image acquired in the time window; - constructing a second database of time data from the plurality of images, the time data being calculated from a periodic signal of each image recorded over a moving time window; - applying the first database and the second database as input to a machine learning model; - executing the machine learning model; - establishing a classification by the machine learning model as regards the presence/absence of a living being; and - depending on the classification, transmitting corresponding information to a management unit."
CN-104903832-B,Hybrid system and method for low latency user input processing and feedback,"A system for processing user input includes an input device, an input processing unit, a high-latency subsystem, a low-latency subsystem, input processing unit software for generating signals in response to the user input, and an output device. The low-latency subsystem receives the signals and generates low-latency outputs, and the high-latency subsystem processes the signals and generates high-latency outputs."
CN-115048960-A,A device state detection method,"The invention belongs to the technical field of mechanical system vibration state monitoring, and in particular relates to a device state detection method. The invention collects normal data of multiple working conditions and learns from the normal data, and constructs a training sample that only uses the normal multiple working conditions vibration data. Learn and train deep learning models to realize real-time online identification of abnormal states. Specifically, the essential features of the data are extracted through the deep learning network, and then various types of abnormal data are discriminated according to the established abnormal monitoring thresholds. In addition, the method of the present invention makes full use of time domain, frequency domain, and autocorrelation information, and can capture the essential characteristics of normal samples under multiple working conditions by performing feature extraction through a deep self-encoder, and effectively improve the abnorm"
US-6006211-A,Metering incoming deliverable mail to identify delivery delays,"A system that allows a third party, such as a postage meter manufacturer or PSD manufacturer, to collate data, process the data and report localized delivery delays on a nationalized basis. The foregoing is accomplished by connecting a scanner and control software to a digital postage meter or PSD processor that would read incoming digitally metered mail. Instead of printing an indicia, the scanner would read the already existing indicia and other information on the mail piece and then extract the sender data fields that are contained in the indicia or on the mail piece. The extracted mail data would be periodically uploaded to a data center. The data center would compare the extracted data with mail sender data that has previously been uploaded from sending meters and processors to determine unexpected delivery delays in the delivery network."
CN-108763257-A,"DAPP container, DAPP and blockchain data processing method","An embodiment of the present invention provides a DAPP container, a DAPP and a blockchain data processing method, wherein the DAPP container includes a DAPP interface module, multiple transaction building modules corresponding to multiple blockchain networks, and a transaction sending module. The DAPP container, DAPP and blockchain data processing method of this embodiment abstract the underlying processing logic oriented to the blockchain, encapsulate it in the DAPP container, and provide DAPP with a common call interface, so that multiple DAPPs can Share the underlying processing logic for the blockchain, without having to develop the corresponding logic separately. Through the DAPP container of the embodiment of the present invention, the lightweight of DAPP is realized, and it is compatible with multiple blockchain networks, and the supported blockchain networks can be flexibly increased or decreased."
CN-111177063-A,Medical internet of things big data computing terminal,"This invention discloses a medical IoT big data computing terminal, comprising a terminal body; a display screen embedded in the outer wall of the terminal body; an input module disposed below the display screen on the outer wall of the terminal body; a circuit board fixedly disposed inside the terminal body; a data processing unit, a data transceiver unit, and a power supply unit mounted on the circuit board; and a display control unit mounted on the circuit board, with the display screen electrically connected to the data processing unit through the display control unit. This medical IoT big data computing terminal facilitates doctors&#39; ward rounds and nurses&#39; medication dispensing for patients."
US-4459677-A,VIQ Computer graphics system,"A YIQ computer graphics system includes a data processing system having a data tablet for receiving inputs from an artist and a video processing system connected to the data processing system. The video processing system includes a two component expandable frame store with the first component storing video intensity information for each pixel of a visual image and with the second component storing two video color components each for one-half of the visual image. The video processing system further includes a memory controller coupled to receive pixel address information identifying pixel locations within a row and column matrix of pixel locations containing the visual image and addressing specific locations within the frame store in response thereto, an interface circuit coupled to transfer video data between the frame store and the data processing system at pixel locations within a matrix of locations defined by the data processing system, and a video output processor coupled to provi"
US-2011222129-A1,Integrated document delivery method and apparatus,"A document delivery network server having a set of integrated functions including sending, receiving, routing and filing of FAXes and e-mails to other users which achieves numerous advantages over the prior art. The document delivery system is based on a client/server model having both analog and digital Fax line capabilities. The server side provides very highly integrated systems functionality based on industry standard, commercially available hardware and a mix of industry standard and proprietary software components including integrated FAX/modem modules, an embedded OS, embedded plug-and-play driver sets, embedded e-mail gateways, an embedded FAX archive, embedded back-up/restore, proprietary high efficiency line utilization and highly efficient load balancing."
GB-2594346-A,Method of testing of IoT system behaviour in case of limited network connection,"Testing Internet of Things (IoT) system behaviour in the event of limited network connection wherein the basic structure for the tested process modelling is a directed graph and where the parts of the system in which failures of network connection are expected are modelled as specific subgraphs – ZRCF – zones with a risk of connection failure. Two levels of testing coverage or testing intensity are utilised in which the number of tested combinations varies according to the testing level, in one level each boundary is included once and wherein on the other level all combinations of boundaries must be included. The set of test scenarios is defined as a sequence of nodes. The creation of test scenarios proceeds according to (i) finding relevant paths inside the ZRCF between their boundary nodes via which it is possible to enter and exit the ZRCF in the tested process and (ii) incorporating these paths into the overall test scenarios. One embodiment described is the scenario of a smart veh"
CN-113836443-A,An article review method and related equipment,"The embodiment of the application discloses an article auditing method, which comprises the following steps: acquiring a target article uploaded by a user and a preset label selected by the user for the target article; processing the target article by using the trained machine learning system to obtain a target label corresponding to the target article, and judging whether the target label is consistent with the preset label; and releasing the target article according to the judgment result. The embodiment of the application has the following advantages: according to the scheme, the article is processed by using the machine learning system after the label selected by the user for the target article is obtained, and the article is released based on the relation between the result obtained by processing by the machine learning system and the label pre-selected by the user, so that the release of the article is not only dependent on the preset label set by the user, and further the articl"
US-2021056463-A1,Dynamic machine learning on premise model selection based on entity clustering and feedback,"The disclosed technology relates to a process of providing dynamic machine learning on premise model selection. In particular, a set of machine learned models are generated and provided to an on premise computing device. The machine learned models are generated using a cluster of customer data (e.g. telemetric data) stored on a computing network having different ranges of computational complexity. One of the machine learned models from the set of machine learned models will be selected based on the current available computational resources detected at the on premise computing device. Different machine learned models from the set of machine learned models can then be selected based on changes in the available computational resources and/or customer feedback"
KR-101675986-B1,Method and apparatus for analyzing safety of automotive software,"According to the present invention, provided is a method for analyzing safety of automotive software in a computer, capable of providing correctness and safety based on a machine-learning or deep-learning technology. The method comprises the following steps: receiving input of automotive software; dividing the automotive software into one or more code modules; using an analysis machine to measure risk metric data values corresponding to each piece of risk metric data with respect to each code module, wherein the analysis module is a learning machine previously learned and trained by a plurality of risk metric data sets relating to safety of vehicle functions; using the analysis module to determine a value representing risk presence with respect to each code module based on the risk metric data values; using the analysis module to determine a value representing the risk presence with respect to each code module based on one or more of the measured risk metric data values; and using the "
WO-2021036908-A1,"Data processing method and apparatus, computer equipment and storage medium","The present disclosure relates to a data processing method and apparatus, computer equipment and a storage medium. A board disclosed thereby comprises: a storage device, an interface apparatus and a control device, and an artificial intelligence chip comprising the data processing apparatus. The artificial intelligence chip is separately connected to the storage device, the control device, and the interface apparatus; the storage device is used to store data; the interface apparatus is used to implement data transmission between the artificial intelligence chip and external equipment; and the control device is used to monitor the state of the artificial intelligence chip. The data processing method and apparatus, computer equipment, and storage medium provided in the embodiments of the present disclosure use corresponding quantization parameters to quantize data to be quantized, which reduces the storage space occupied by the stored data while ensuring accuracy, ensures the accuracy an"
CN-112287693-B,A method and device for automatic post-editing of machine translation,"The invention discloses a method and device for automatic post-editing of machine translation. By means of an autonomous inspection unit, any other translation software is called to reverse-translate the pre-processed information. The reverse translation is to re-translate the pre-processed information back to the original Language, get the reverse translation; compare the source file with the reverse translation, get the number of words different from the reverse translation and the source file, so as to get the wrong translation ratio Yc; then get the place where the reverse translation is interrupted wrongly, That is, where the comma of the sentence is wrong, get the wrong part of the sentence, and get the error ratio Dc; according to the two factors, the wrong evaluation value C is correspondingly generated to produce different evaluation signals, and according to the evaluation signal and other factors, the content of the corresponding Xq section The information is randomly sent t"
US-8768938-B2,Histogram processing by trend and pattern removal,"A data processing system compress a histogram with less information loss than simply reducing the number of steps (or intervals) in the histogram. The data processing system uses a very detailed histogram as a starting point and comprises histogram compression logic that compresses a detailed histogram by detecting trends and periodic patterns in the detailed histogram. The histogram compression logic extracts the detected trends and periodic patterns from the detailed histogram, and forms a compressed histogram as a distribution of data remaining after extraction of the trends and periodic patterns."
CZ-304233-B6,Universal single-chip control device,"It includes a microprocessor unit interconnected with an external timer and equipped with a software module to transform the discrete signal logic values into continuous control voltage signal values. The input of this microprocessor unit is connected via a USB port with at least one MIDI control signal source, while the output, respectively, is output via a USB port. the outputs of the microprocessor unit are connected to at least one device with states controlled by continuous output voltage values in the range of 0 to 5.5V depending on the logical values of the discrete input signal. The universal single-chip control device is designed to program-control electrically powered machines and equipment such as lighting equipment and visual stage effects."
CN-108550274-A,A traffic light unmanned driving assistance device and method based on Faster RCNN,"A traffic light unmanned driving auxiliary device and method based on Faster RCNN mainly includes a main control Raspberry Pi 3B+, a wide-angle camera, a buzzer prompt module and an LCD display module. The Raspberry Pi 3B+ is equipped with the deep learning framework TensorFlow and runs the RCNN regional convolutional neural network model. The wide-angle camera collects the current road image in real time, uses the deep learning model to locate the specific position of the traffic light, and obtains its circumscribed moment. OpenCV cuts out the ROI region of interest of the traffic light according to the circumscribed moment, with less calculation. After traditional filtering and other preprocessing methods, the image is converted from the BGR color space to the Lab color space, and the a channel is extracted separately and based on the area of the connected domain The proportion of identifying traffic lights. The final result will be prompted through the buzzer module and the display "
CN-112485538-A,A System for Improving the Accuracy of Radio Frequency Radiation Sensitivity Calibration in Reverberation Chambers,"The invention discloses a system capable of greatly improving the radio frequency radiation sensitivity calibration precision of a reverberation chamber, which utilizes high field intensity radiation test software to control the rotation mode of a stirrer to rotate in a stepping mode at set intervals, monitors the field intensity value and the maximum forward power value of each stepping position at each position and each frequency point, records the maximum field intensity value and the maximum forward power value generated by one rotation of the stirrer at each position and each frequency point, normalizes and averages the monitoring result, and determines the field uniformity. And simultaneously dividing the target field intensity value into N stages, sequentially checking from low to high until the target field intensity is obtained, and finally calculating the maximum forward power under the expected field intensity according to the checking data. The invention has two technical i"
CN-103927419-B,The data processing method and system of CAD urban pipeline as-built drawings based on ArcGIS platforms,"The invention discloses the data processing method and system of the CAD urban pipeline as-built drawings based on ArcGIS platforms；Methods described step is as follows：Load CAD urban pipeline completion diagram datas；Figure layer is set to import configuration：Imported in figure layer in configuration, urban pipeline completion diagram data and the corresponding relation of target pipeline spatial database figure layer are set；According to figure layer import configuration, urban pipeline completion diagram data is imported into target pipeline spatial database；In pipe space database after importing, geometric network is set up using ArcGIS；By setting up the geometric network completed, the geometric network development interface provided using ArcGIS Engine is the pipeline and pipe point relating attribute assignment in urban pipeline spatial database；Pipeline table and pipe point table after export association；Using urban pipeline and pipe point relating attribute again into figure."
US-12518520-B2,Techniques to increase inference accuracy,"Apparatuses, systems, and techniques to identify objects with in an image irrespective of a size or perspective of the objects with which the one or more neural networks are trained. In at least one embodiment, objects are identified in an image using one or more neural networks, in which the image is split into a multiple sections and one or more neural networks are used to detect objects in every section."
CN-205121540-U,Embedded spare still original mounting encrypts in system,"The utility model provides a higher embedded spare still original mounting encrypts in system of security. It includes embedded system (1), electric board (2), data security treater (3), basic input -output system (4), password verifier (5), fingerprint validator (6) and voice verification ware (7), embedded system (1), electric board (2), data security treater (3) and basic input -output system (4) in proper order the electricity connect, password verifier (5), fingerprint validator (6) and voice verification ware (7) all be connected with basic input -output system (4) electricity, embedded system (1) in including hardware platform and required spare data, hardware platform on be equipped with the interface of electric board (2), electric board (2) for the built -in memory disc that has data backup and reduction software."
JP-H063252-A,Particle analysis method and device,"(57) [Summary] [Purpose] To perform optimal classification in a short time with high accuracy, even if the distribution is abnormal or complicated in the feature space. [Configuration] By measuring multiple blood cells,   Measurement data consisting of a plurality of parameters is sequentially obtained for each blood cell, and the measurement data is converted into distribution data by the distribution data conversion means 22 based on each parameter. A neural network 24 having an input layer composed of a number of neurons corresponding to the number of parameters and having an output layer composed of a number of neurons corresponding to the expected number of categories is sequentially input with the measurement data, An unsupervised learning vector quantization method is performed to obtain the center-of-gravity vector information, particle number estimation information, and particle dispersion estimation information for each cluster corresponding to each category. Using this clust"
CN-121415504-A,Informationized safety monitoring method for construction while traffic,"The invention relates to the technical field of safety detection of construction while passing through a vehicle, in particular to an informationized safety monitoring method for construction while passing through the vehicle, which comprises the following steps of construction preparation; the method comprises the steps of selecting a monitoring place, installing a monitoring radar system, arranging anti-intrusion equipment, establishing a wireless data gateway, installing monitoring radar software, opening the anti-intrusion equipment, and debugging and running. The invention adopts a radar congestion monitoring system and an infrared intrusion prevention alarm system to monitor and early warn the road congestion of construction paragraphs and the intrusion of social vehicles in real time, thereby realizing the double insurance of the safety management of construction stage equipment and operators. The safety monitoring and early warning timeliness of the construction road sections w"
CN-119476228-A,"Intelligent generation method and device for financial statement, computer equipment and storage medium","The invention relates to the technical field of big data analysis and discloses a financial statement intelligent generation method, a financial statement intelligent generation device, computer equipment and a storage medium. The method comprises the steps of obtaining various data required by a financial report to obtain initial data, preprocessing the initial data to obtain a preprocessing result, inputting the preprocessing result into a report automatic generation model to generate a report to obtain a generation result, and outputting the generation result, wherein the report automatic generation model is obtained by training a deep learning model through the fact that the various data required by the financial report are preprocessed to be used as a sample set. By implementing the method of the invention, the generation speed of the financial statement can be improved, the human intervention is reduced, and the data accuracy and reliability are improved."
WO-2019055205-A1,SYSTEMS AND METHODS FOR PATIENT MONITORING AND DETECTION OF REMOTE EVENTS,"Methods, systems, computer readable media, and patient monitoring and remote event detection apparatus are disclosed. For example, a method includes receiving, by a computer device via wireless communication, one or more sensor signals from a sensor associated with a patient; obtaining a state of the patient based on the at least one sensor signal using a trained machine learning (ML) model; and in response to detecting a state of emergency based on the condition of the patient, providing an indication of the state of emergency."
CN-115376318-A,A Traffic Data Compensation Method Based on Multi-attribute Fusion Neural Network,"The invention belongs to the field of intelligent traffic, and particularly relates to a traffic data compensation method based on a multi-attribute fusion neural network, which comprises the following steps: the method comprises the steps of obtaining traffic flow data of road network gates, calculating quantitative association degree between the gates, establishing a road network matrix, filling the traffic flow data of the corresponding gates into the road network matrix to obtain a road network characteristic matrix, establishing a road network traffic flow data recovery model, capturing hidden traffic flow states of the gates without traffic flow data loss through a space-time synchronization map neural network module, capturing dynamic characteristics of the gates without traffic flow data loss through a space-time map attention mechanism module, inputting the hidden traffic flow states of the gates and the dynamic characteristics of the gates into a fusion recovery network modul"
CN-119832597-A,An AI-based intelligent supervision-assisted learning system,"The invention discloses an AI-based intelligent supervision auxiliary learning system, which comprises thirteen modules, such as a main control module, a fingerprint identification module, a visual identification module, a temperature and humidity module and the like, and can realize eight functions based on software algorithm development, including a system interaction control panel design, an environment monitoring function, a countdown anti-addiction self-locking function, a lamplight control function, a sitting posture humpback monitoring function, a WIFI communication and network clock function, an APP display storage and remote control function and a voice interaction function. The system provided by the invention can effectively assist in solving the problems of bad sitting habit and mobile phone addiction of children widely existing."
WO-2005082236-A2,Multi-bit adc with sigma-delta modulation,"An oximeter uses a sigma-delta modulator and a multi-bit ADC (54) with PWM feedback (56) enabling high precision multi-bit conversion. Demodulation is done in software, thus requiring only a single hardware path for both red and IR. Multiple capacitors are switched into the integrator (44) in the sigma-delta modulator, with different capacitors for red, IR and dark signals, thus enabling the use of the single hardware path. A switching circuit (76) at the input of the sigma-delta modulator acts as a sample and hold, controlled by the PWM feedback (56)."
US-2021157561-A1,"Devices, systems, and methods for providing on-demand engine software using a distributed ledger","Devices, systems, and methods for providing software to aircraft using a distributed ledger are disclosed. A software delivery system includes aircraft having an engine control system configured to verify and install software utilized by components of the aircraft, an electronic distribution system coupled to the aircraft, an edge manager coupled to the electronic distribution system, and computing devices acting as nodes in a distributed ledger base maintaining a distributed ledger. The electronic distribution system verifies a request for software, requests software, and initiates an installation protocol with the engine control system. The edge manager maintains software. The distributed ledger base is coupled to the aircraft, the electronic distribution system, and the edge manager. The distributed ledger provides a record including information pertaining to a request for software, verifications of the request by the electronic distribution system, the edge manager, and the engine "
CN-105068131-A,A method for leveling aeromagnetic data,"The invention discloses an aeromagnetic data leveling method, which comprises the steps of carrying out overall average empirical mode decomposition on aeromagnetic data along a survey line direction and a survey line crossing direction successively so as to acquire a plurality of sub data blocks, then finding an interference sub data block in the plurality of sub data blocks and removing the interference sub data block, and adding the rest of the sub data blocks so as to acquire leveled aeromagnetic data. According to the method, a leveling error is found through visual operations, auxiliary data is not required in the whole process, and the data can be decomposed, screened and mapped automatically, thereby solving a problem that an existing leveling method and software are generally multiple in parameter and difficult to control and need people possessing geophysical knowledge and leveling experience to operate."
CN-103644844-B,To the assay method having skeleton enhancement layer rubber unknown parameter,"To the assay method with skeleton enhancement layer rubber unknown parameter, relate to the Analysis of Parameters of rubber, its operation steps is as follows: A. sample preparation; B. give and will scan for the rubber enhancement layer section plane measured: scan image input computer; C. do you enhancement layer scan document image be imported Auto? in CAD software; D. at Auto? draw in CAD software and define statistical model; E. statistical model carries out position with the enhancement layer in scan image and Population number dynamic imitation overlaps; F. programming count model quantity; G. the surveying and calculating of various unknown parameter.The present invention utilizes structure, the technological parameter of the specific function programming count sample of computer software, and method is simple, accurate, practical, and decrease and manually successively cut open stripping operation, save manpower and labour intensity, range of application is wide."
JP-S5960560-A,Graphic data processing method,"(57) [Summary] This bulletin contains application data before electronic filing, so abstract data is not recorded."
CN-113158955-A,Person Re-identification Method Based on Clustering Guidance and Pairwise Metric Triplet Loss,"The invention discloses a pedestrian re-identification method based on clustering guidance and pairwise measurement triplet loss. Steps of the present invention: 1. Obtain a similarity matrix based on the features output by the deep learning network and their corresponding labels; 2. Calculate the cosine similarity measure in the paired metric for the sampling loss of difficult samples; 3. Calculate the Euclidean in the paired metric Similarity measures the hard sample sampling loss. 4. Calculate the cluster-guided correction term, and fuse all losses to obtain the cluster-guided and pairwise metric triplet loss. 5. The clustering guidance and pairwise metric triplet loss are combined with the cross-entropy loss based on representation learning to obtain the final loss, which is added to the network parameter training update. The invention combines the paired measurement method so that the deep learning model can complementarily mine the sample similarity from different angles, and max"
CN-121815105-A,A high-speed area array camera system and image acquisition and transmission method based on 40G network transmission,"The invention discloses a high-speed area array camera system based on 40G network transmission and an image acquisition and transmission method, and belongs to the technical field of high-speed image acquisition and transmission. The technical problems to be solved are that the traditional high-speed area array camera has insufficient bandwidth, high system delay and low multi-camera synchronization precision under the scene of high resolution and high frame rate, the technical proposal is characterized by comprising a sensor array, a front end FPGA module, a back end FPGA module and a software deployment end, wherein the sensor array comprises a plurality of groups of image sensors for acquiring original image data and outputting differential data signals, the front end FPGA module receives the differential data signals, performs image preprocessing and then outputs the differential data signals through the high-speed serial interface, the rear end FPGA module performs data analysis "
JP-2023139057-A,Resource-constrained neural network architecture search,"The present invention provides a method for determining an architecture for a neural network. A defined computational cell 122 includes a directed graph of nodes representing respective neural network latent representations and edges representing respective operations that transform the respective neural network latent representations; Replace each operation that transforms with a respective linear combination of candidate operations, each candidate operation in each linear combination having a respective mixing weight parameterized by one or more computational cell hyperparameters, and computing resources Optimization of the validation loss function subject to constraints 106 iteratively adjusts the values of the calculation cell hyperparameters 132a and the values of the weights 132b, and adjusts the adjusted values and weights of the defined calculation cells and calculation cell hyperparameters. A neural network 152 for a machine learning task is generated using the values. [Select"
JP-2015049831-A,"Image forming apparatus, image forming system, and program","PROBLEM TO BE SOLVED: To allow a user to use a web page of a print control device connected to an image forming apparatus without requiring manual registration of the web page in a favorite or the like of a web browser of the image forming apparatus.SOLUTION: An MFP103 mounting a web browser 404 discriminates a PDL controller 102 connected to the MFP103. An MFP interface part 405, software which functions by a CPU208 executing a prescribed program generates information for registering a web operation part (web page) of the PDL controller 102 in a favorite of the web browser 404, and instructs to register the generated information in the favorite of the web browser 404. The web browser 404 registers the URL of the web operation part of the PDL controller 102 in the favorite of the web browser 404 according to the instruction."
CN-102844778-A,Systems and methods for acquiring a bound customer base within a cloud environment,"In one exemplary embodiment, a computer implementation method for acquiring a customer base bound within a cloud computing environment includes: providing customer software to a service provider, the customer software being configured to facilitate communication between the service provider and the service provider&#39;s customer base, wherein the customer software is provided to the service provider based on a conditional subsidy that allows a software provider to embed context-based marketing content in the customer software; and providing the context-based marketing content to the customer base via the customer software, the context-based marketing content being targeted at a product offered by the software provider and supplementing the service provider&#39;s services, thereby generating revenue for the software provider using the customer software, wherein the cost of the context-based marketing is determined by the software development cost."
CN-113255747-B,"Quantum multichannel convolutional neural classification method, system, terminal and storage medium","The invention provides a quantum multi-channel convolution neural classification method, system, terminal and storage medium, including: converting traditional two-dimensional data into quantum state input data; setting the number of channels according to the requirements of the computing scene, and generating the same number of channels The quantum convolution kernel is composed of a certain number of quantum revolving gates; the convolution kernel in the quantum channel performs quantum calculations on the input data; the probability value of the qubit output by the quantum convolution kernel calculation is used as the quantum The output label probability of the channel; the recognition result is determined according to the output label probability of each quantum channel. The present invention can directly classify two-dimensional images by means of quantum computing, and the computing process of the classification method of the present invention is a linear process. After using thi"
CN-115798097-A,"Access right verification method, device, program product and readable storage medium","The application discloses a method and a device for verifying access control permission, computer equipment, a storage medium and a computer program product, and relates to the technical field of artificial intelligence. The method comprises the following steps: when acquiring basic information of a resident of a user, determining access control equipment corresponding to the basic information of the resident; determining target entrance guard equipment corresponding to community structural information of a user according to position structural information of entrance guard equipment corresponding to the basic information of the resident; the identification of the user is used for indicating the target access control equipment to allow the user corresponding to the identification of the user to pass through. By adopting the method, the cost of manually configuring the permission group can be reduced."
US-2014257251-A1,Customizing names of insulin delivery profiles for improved patient safety,"Configuration software implements techniques for customizing names of insulin delivery profiles with improved patient safety. The techniques include: receiving a string of characters which serve as a name for a given insulin delivery profile, where the insulin delivery profile includes at least one parameter pertaining to insulin delivery by an insulin pump and is one of a plurality of insulin delivery profiles associated with a given patient; normalizing the string of characters in accordance with a rule set; comparing the normalized string of characters with names for each of the plurality of insulin delivery profiles; and updating the name of the given insulin delivery profile in a pump configuration file residing on the configuration device when the normalized string of characters is unique in relation to the names of the plurality of insulin delivery profiles."
CN-111814285-B,Topological optimization design method of submarine cable bending protector,"The invention discloses a topology optimization design method for a submarine cable bend protector. It establishes an initial three-dimensional model of the submarine cable bend protector; imports the initial three-dimensional model into the HyperMesh software OptiStruct module; meshes and defines the initial three-dimensional model. Its material properties; perform topology optimization design on the three-dimensional model of the submarine cable bend protector: create three load sets and two working conditions, determine the loads and constraints of the load set, define topology optimization design variables, select topology optimization model components to combine all The design attributes are all included in the initial three-dimensional model. The lower limit of the mass fraction and the objective function of the initial three-dimensional model are defined as the minimum strain energy. The density of the submarine cable bend protector is iteratively optimized and calculated; the t"
WO-2017189061-A1,Management of update queues for network controller,"Software-defined networking (SDN) often uses network controllers to configure virtual (logical) networks throughout a datacenter. As SDN becomes more prevalent and datacenters cater to more and more tenants, controllers are expected to perform more operations. Key to this architecture is that the controllers do not become bottlenecks in the configuration process, and that these controllers be able to handle when other elements downstream in the configuration process are bottlenecked (i.e., making sure that if one switch is a bottleneck this does not slow the configuration of other switches). As such, techniques to improve the use of processing resources by network controllers are needed."
CN-118377542-A,"Data processing method, system, electronic device and readable storage medium","The present application provides a data processing method, which is applied to the BMC side, and a preset program is deployed on the BMC side, and the preset program is used to manage the system time. The method includes: in response to a startup instruction, setting the target interface communicating with the host side to a slave mode; in response to an access request from the host side, driving the preset program to obtain time information; and transmitting the time information to the host side based on the target interface. The present application can use software to implement the function of hardware RTC by deploying a time management program for simulating RTC function in BMC, which facilitates the normal use of RTC function by servers and electronic devices in harsh environments or without hardware RTC."
WO-2023165500-A1,"Processing method and apparatus for data processing task, storage medium, and electronic device","Embodiments of the present description provide a processing method and apparatus for a data processing task, a storage medium, and an electronic device. The method comprises: obtaining data processing task data, wherein a data processing task is a solving task of a differential equation, and the data processing task data comprises the differential equation; constructing a differentiable quantum circuit according to the data processing task data; and predicting a target processing result of the data processing task on the basis of the differentiable quantum circuit until when the value of a loss function constructed according to a predicted processing result satisfies a specified precision condition, the predicted processing result enabling the value of the loss function to satisfy the specified precision condition is used as the target processing result. According to the method provided by the embodiments of the present description, the loss function can be constructed on the basis of "
US-11557120-B2,"Video event recognition method, electronic device and storage medium","Technical solutions for video event recognition relate to the fields of knowledge graphs, deep learning and computer vision. A video event graph is constructed, and each event in the video event graph includes: M argument roles of the event and respective arguments of the argument roles, with M being a positive integer greater than one. For a to-be-recognized video, respective arguments of the M argument roles of a to-be-recognized event corresponding to the video are acquired. According to the arguments acquired, an event is selected from the video event graph as a recognized event corresponding to the video."
CN-106294503-A,"Data dynamic storage method, device and computing equipment","The application provides the dynamic storage method of a kind of data, device and calculating equipment, and the method includes: when new timeslice being detected, determines the number of the multiple timeslices currently recorded in storage matrix；If the number of the plurality of timeslice is equal to the exponent number of described storage matrix, data the longest for the storage duration of the plurality of timeslice are deleted from described storage matrix；Data corresponding for sheet remaining time in the plurality of timeslice are sequentially moved a timeslice, the position storing the shortest data of the duration data of described new timeslice being filled in the plurality of timeslice.May insure that in technical scheme and data can be calculated in real time in internal memory or duplicate removal process, be substantially reduced calculating equipment memory consumption in data processing."
CN-113720382-A,An Intelligent Monitoring System Based on Dynamic Back-Analysis Calculation and Fusion Algorithm,"The invention provides a dynamic inverse analysis calculation and fusion algorithm-based and intelligent monitoring system, which comprises the following steps of monitoring horizontal displacement of a deep layer of an underground continuous wall in real time by using an omnidirectional real-time displacement pipe, collecting acceleration and corner data of the wall at each measuring point in the underground continuous wall, and obtaining the horizontal displacement of each point of the wall relative to the top end by using a STRDAL algorithm; the monitoring platform collects various data measured by the omnidirectional real-time displacement pipe; solving and deriving a horizontal displacement curve; fitting a deep horizontal displacement curve into a unitary multiple equation through mapping software; and obtaining the soil pressure at any depth behind the wall by utilizing the inversion analysis of the dynamic soil pressure. The invention can realize real-time continuous monitoring"
JP-2025540585-A,"Systems, methods, and computer program products for chromatographic enantiomeric separation of chiral molecules","The chromatography system characterizes two-dimensional (2D) information of the enantiomers of a target molecule and receives input data including information of a specific chromatography column. The processing circuit applies the input data to a graph convolutional neural network (GCNN) trained with a dataset of multiple chiral molecules associated with the specific chromatography column, the dataset being labeled with the retention times of both enantiomers of each of the multiple chiral molecules in the dataset. The processing circuit collects the output of the GCNN as predicted retention times, identifies the elution order of the enantiomers of the target molecule based on the relative magnitudes of the predicted retention times, and identifies peaks on a chromatogram having each enantiomer of the target molecule based on the elution order of the enantiomers of the target molecule. The chromatogram is obtained from testing the target molecule with the specific chromatography column"
CN-117689005-A,A low-cost adversarial sample defense method and system based on sample preprocessing,"The invention belongs to the technical field of adversarial machine learning and discloses a low-cost adversarial sample defense method and system based on sample preprocessing, which includes: receiving input samples, adjusting the sample size; cutting the samples to remove some interference areas; using images The scaling module processes the samples processed by the cutting module; performs a pixel value unification operation on the scaled samples; performs an image scaling operation on the processed samples, and scales the size to the maximum that can be obtained when the model recognizes clean samples. The sample size for optimal sample accuracy is determined; the processed samples are input into the target model, and the algorithm’s defense capabilities are evaluated through evaluation indicators. The core of the invention is the three modules of cutting non-important information in the image, unifying partial pixel values and image scaling. They are all simple image processing o"
CN-120297253-A,Thermal power plant fault analysis report generation method based on retrieval enhancement and related equipment,"The invention relates to the technical field of artificial intelligence and thermal power production, in particular to a thermal power plant fault analysis report generation method based on retrieval enhancement and related equipment. The multi-mode data is processed through a time sequence fault diagnosis model (comprising a retrieval enhancement generation module and a fault diagnosis module), the retrieval enhancement generation module retrieves and generates retrieval prompt data in a thermal power plant equipment knowledge base, and the fault diagnosis module diagnoses according to the retrieval prompt data. And finally, generating an equipment analysis report containing fault reasons, treatment measures and prevention suggestions by adopting a predefined template according to the diagnosis result."
EP-0951674-A1,A method for posting entries to shared queues in a multiprocessor environment,"A method and apparatus for efficiently posting entries to a queue (112) within the data processing system (100). Entries are posted by first processor (102) with the entries being handled by second processor (104) in the data processing system (100). The interrupt state associated with the queue (112) is checked by the first processor (102). If the interrupt state is clear, then the entry is posted to the queue (112). This interrupt state is cleared only when all entries have been cleared from the queue (112) by the second processor (104). In this manner, an efficient posting of entries to the queue (112) may be accomplished."
JP-2025068385-A,"Information processing device, information processing system, and information processing method",To provide a technique for suppressing decrease in accuracy of a machine learning model when an appearance state in an imaging range of a camera has changed from the appearance state at the time when the machine learning model has trained.SOLUTION: An information processing device used to move a moving object that is capable of moving by unmanned driving includes: an accuracy acquisition unit which acquires accuracy of a machine learning model: a training data acquisition unit which acquires a training data group used to train the machine learning model when the accuracy is less than a predetermined threshold; and a training unit which performs a training process for training the machine learning model using the training data group.SELECTED DRAWING: Figure 4
US-6173316-B1,Wireless communication device with markup language based man-machine interface,"A system, method, and software product provide a wireless communications device with a markup language based man-machine interface. The man-machine interface provides a user interface for the various telecommunications functionality of the wireless communication device, including dialing telephone numbers, answering telephone calls, creating messages, sending messages, receiving messages, establishing configuration settings, which is defined in markup language, such as HTML, and accessed through a browser program executed by the wireless communication device. This feature enables direct access to Internet and World Wide Web content, such as Web pages, to be directly integrated with telecommunication functions of the device, and allows Web content to be seamlessly integrated with other types of data, since all data presented to the user via the user interface is presented via markup language-based pages. The browser processes an extended form of HTML that provides new tags and attribute"
CN-107452309-A,A decoding circuit for adaptive data frequency,"The invention discloses a decoding circuit for adaptive data frequency, which includes: a data cycle determination unit, used to receive input data, determine the count value N in a data cycle by counting according to the detection code in the data header, and calculate the remaining The valid data sent to the valid data processing unit; the valid data processing unit is connected with the data cycle determining unit, and is used to receive the valid data forwarded by the data cycle determining unit, and according to the count value N, generate a pair of valid data by counting The sampling clock at which data is sampled. The present invention can determine the count value N in a data cycle by counting the detection code in the data header, and then can generate a sampling clock for sampling valid data by counting according to the count value N, so the sampling clock can be used to By sampling the data, data of any frequency can be decoded."
CN-106614076-A,A beef cattle estrus monitoring system,"A beef cattle estrus monitoring system provided by the invention; includes a detection module, a data processing system, a display module and a communication module; the invention includes a detection module, a data processing system, a display module and a communication module; The number of steps monitors the estrus period of the beef cattle in real time to avoid losses caused by the inability of the beef cattle to conceive during the estrus period. The real-time data during the estrus period of the beef cattle is sent to the staff&#39;s mobile phone so that the staff can judge the pregnancy time of the beef cattle in time."
CN-115135237-B,Magnetic resonance image processing device and method thereof,"An embodiment of the invention provides a magnetic resonance image processing method based on a magnetic resonance image processing device, which comprises the following steps of acquiring sub-sampled magnetic resonance signals, acquiring first k-space (k-space) data from the sub-sampled magnetic resonance signals by utilizing a first parallel imaging technology, acquiring a first magnetic resonance image from the first k-space data by utilizing Fourier inverse operation, preprocessing the first magnetic resonance image to generate first input image data, and acquiring a first output magnetic resonance image from the first input image data by utilizing a first artificial neural network model."
US-2020349428-A1,Memory device and operation method thereof,"Provided is an operation method for a memory device, the memory device being used for implementing an Artificial Neural Network (ANN). The operation method includes: reading from the memory device a weight matrix of a current layer of a plurality of layers of the ANN to extract a plurality of neuro values; determining whether to perform calibration; when it is determined to perform calibration, recalculating and updating a mean value and a variance value of the neuro values; and performing batch normalization based on the mean value and the variance value of the neuro values."
KR-20260000136-A,Method and apparatus for reconstruction of mri image by using neural network,"The method of the present disclosure may include a step of obtaining a first image including pixel values corresponding to each of the coordinates by applying a plurality of coordinates to a first model that generates an MRI image reflecting the characteristics of frequencies included in the k-space, which is raw data of an MRI image; a step of obtaining a predicted k-space by applying the first image to a second model that outputs the k-space from the first image; and a step of updating the first model in a direction that reduces a difference between the predicted k-space and the correct k-space."
SU-1541046-A1,Manipulator,"The invention relates to robotics and can be used in the automation of various technological processes, for example, in milking. The aim of the invention is to improve the accuracy of positioning by providing balancing links. Moving the gripper 23 of the manipulator occurs when the links 12, 14, 17 and 22 are extended, the linear electric motors 11, 13, 16 and 21 are made in the form of cores. In this case, the balancing of the links occurs due to the displacement of the center of gravity of the stators of the linear electric motors 13, 16 and 21 relative to the axis of the previous link in the direction opposite to the next link. 1 il."
SE-519676-C2,Interactive positioning and monitoring system,"System for surveillance of parameters, including a surveillance device (1) arranged with sensor (3, 5, 6, 7) for measuring/metering of surveillance parameters of collection of parameter data, for instance GPS-receiver or a web-camera. Further, the surveillance device includes a data processing device (9) for control of the device (1), and a first communication device (2) for communication via a first communication network (8) with a server (10), arranged with a second communication device (12) for communication with said device (1). The server further includes a database (11) for storing of parameter values and parameter data (PDS), user data and user controlled parameter settings. A web module (13) is also included in the server for generation of a user interface (17). The user interface, preferably a home page (17), is accessible to a user (15) and arranged to, for each of said surveillance parameters, include a data input device (19-24) and a data output device (19-24) for presentat"
JP-H08161604-A,Information gathering system for vending machines,"(57) [Abstract] [Purpose] An inexpensive multi-drop network can be constructed by making multiple connections to existing one-to-one communication hardware and communication protocols. [Structure] A plurality of vending machines 1A to 1C installed in close proximity to each other are constructed by optical communication with a hardware having a 1: 1 interface standard (RS232C) and a communication protocol to construct a network for collecting data information. In the information collection system of the vending machine, the hardware having the one-to-many or many-to-many interface standard (RS485) and the software-like switching function are provided to intervene in the middle, and the multi-drop connection Build a network."
FR-2858445-A1,DEVICE FOR THE OPTIMUM USE OF AUTOMATIC FACE RECOGNITION SOFTWARE BY CAMERA,"Device allowing the use of face recognition software operating with a camera It consists of an assembly that can be oriented according to the size of the accessor who is placed in front of the device. When user 1 is placed in front of the device, he can position easily in front of camera 2 which transmits its image to it on a screen 5, to obtain the best possible framing required for good image acquisition"
JP-2015153362-A,Data processing apparatus and application program,"An object of the present invention is to reduce the capacity of a storage device in which an application program is prepared in advance and to easily install the application program. A data processing apparatus determines a type of a device (own apparatus) in which the application program is installed by processing of the application program, and determines the type of the determined device (vertical / horizontal setting, screen size, hardware) The purpose of the application program 31 is determined on the basis of the presence / absence of the software and the license). Then, application setting information 33 used when executing the application program 31 is set based on the determined purpose. When the application setting information 33 is set, the application program 31 executes the operation content corresponding to the setting content in the application setting information 33. [Selection] Figure 1"
CN-211625807-U,A multifunctional artificial intelligence fruit refrigerator,"The utility model discloses a multifunctional artificial intelligence fruit refrigerator, the structure of which comprises a box body, a door panel, a heat dissipation port, a compressor, a condenser, an evaporator, a casing, a display, a button, a circuit board, a single-chip microcomputer, a temperature sensor, a power supply Line and placing mechanism, the multi-functional artificial intelligence fruit refrigerator is provided with a placing mechanism, small fruits can be placed in the placing slot in the placing box, and then the plug plate is rotated and tightly sealed through the second rotating shaft, and the placing box can be placed. Adjust the placement position by sliding the slider and the sliding rod in the slide rail, and finally turn the knob and screw it tightly to fix it, which solves the problem that due to the different varieties and sizes of fruits, the smaller fruits are easy to roll continuously when placed, resulting in larger inner ones. When the fruit needs to "
US-2015081962-A1,Cache memory device and data processing method of the device,"A cache memory device is provided. The cache memory device includes a memory including a first cache memory region and a second cache memory region, and a control block. The control block determines a type of data to be received. The control block also performs at least one of transmitting a head of received data to a first cache memory region, transmitting a body of the received data to a second cache memory region and transmitting a tail of the received data to the first cache memory region based on the type of the data to be received."
WO-2025131051-A1,"Method, apparatus, and medium for visual data processing","Embodiments of the present disclosure provide a solution for visual data processing. A method for visual data processing is proposed. The method comprises: performing a conversion between visual data and a codestream of the visual data with a neural network (NN) -based model, wherein the codestream comprises at least one indication indicating whether multithreads is used for coding at least one of the following: a hyper tensor codestream in the codestream, a quality map codestream in the codestream, a primary component residual codestream in the codestream, or a secondary component residual codestream in the codestream."
EP-4109395-A1,"Image processing method, image processing apparatus, image processing system, and program","An image processing method includes generating a first image by inputting a captured image, which has been acquired by imaging using an optical system, into a machine learning model, acquiring information on optical performance of the optical system, and generating a second image based on the captured image, the first image, and first weight information. The first weight information is generated based on the information on the optical performance and information on a saturated area in the captured image."
CN-108550133-B,A cancer cell detection method based on Faster R-CNN,"A method for cancer cell detection based on fast R-CNN, the method comprising the steps of: step1, preprocessing data, manually calibrating a data set, and making the data set into a passacal _ voc data set format, wherein the purpose of manual calibration is to obtain picture labels, and the labels are coordinates of the upper left corner and the upper right corner of the position of a cancer cell target in each picture and the category of the target; step 2, performing preliminary detection on data, taking the data set and the picture labels as a training set of a deep learning Fast R-CNN neural network, and training the data by combining an RPN (resilient packet network) and a Fast R-CNN convolutional neural network to obtain a final cancer cell preliminary detection model; and 3, re-detecting the data, re-detecting the cancer cells by combining a CSA algorithm, and analyzing the obtained detection result and the initial detection result to obtain a final cancer cell detection resul"
CN-114973433-A,Method and system for controlling occupancy of geospatial using software application,"The present application relates to methods and systems for controlling occupancy of geographic space using software applications. Apparatus and method for controlling occupancy of geographic space. The method includes identifying, via a software application, an object for performing an action for the vehicle, the action involving occupying space for the vehicle; transmitting a target request to the object to perform the action; in response to transmitting the target request, receiving a notification that the space is occupied by the object; The action is complete when the space is reached."
CN-108421633-A,A kind of water-saving sand washer that the sandstone deposition based on Internet of Things is few,"The present invention relates to a kind of few water-saving sand washer of the sandstone deposition based on Internet of Things,Including bucket wheel,Power plant module and water tank,Further include Ju Sha mechanisms,Water circulation mechanism and Zhong Kong mechanisms,The Ju Sha mechanisms include drive component,Transmission component and two poly- sand components,The poly- sand component includes guide rod,Scraper plate,Runner,Movable block,First gear and worm screw,The water circulation mechanism includes the first water pipe,Second water pipe,Shell,Nozzle,Suction pump,Filter core and cleaning assemblies,In the few water-saving sand washer of the sandstone deposition based on Internet of Things,Pass through Ju Sha mechanisms,The sandstone that water tank bottom can be deposited is assembled to centre,To allow sandstone to enter the inside of bucket wheel,To reduce the deposition of water tank bottom sandstone,Slow down the abrasion of bucket wheel,Pass through water circulation "
WO-2013085186-A1,Method and apparatus for plc automatic communication/connection,"The present invention relates to a method and apparatus that enable a software engineer to automatically receive, from a PLC, information generated from a production site and information on the operation of an automation facility in real time, without analyzing a PLC communication protocol."
US-2025080477-A1,Dynamic routing for accelerated deep learning,"Techniques in dynamic routing for advanced deep learning provide improvements in one or more of accuracy, performance, and energy efficiency. An array of processing elements comprising a portion of a neural network accelerator performs flow-based computations on wavelets of data. Each processing element comprises a compute element enabled to execute programmed instructions using the data and a router enabled to route the wavelets via static routing, dynamic routing, or both. The routing is in accordance with a respective virtual channel specifier of each of the wavelets and controlled by routing configuration information of the router. The static techniques enable statically specifiable neuron connections. The dynamic techniques enable information from the wavelets to alter the routing configuration information during neural network processing."
US-2013275960-A1,Validation of current states of provisioned software products in a cloud environment,"In one aspect, a state file is received that describes a desired state of a provisioned software product started in a cloud environment. The state file defines the bundles to be installed and their desired state. The desired states of the bundles are read from the state file. Currently installed bundles, from the provisioned software product, are analyzed together with current states of the currently installed bundles. The specified bundles in the state file are compared to the currently installed bundles. The current states of the currently installed bundles are compared to the desired states from the state file to determine whether a current state of the provisioned software product corresponds to the desired state."
